--
-- PostgreSQL database dump
--

\restrict 9PJAUE8GDQF0vivbLvnLQmHFfp4240Hcletq0pNVG094RvMus883RxjcHT6Kpc5

-- Dumped from database version 16.10 (Ubuntu 16.10-0ubuntu0.24.04.1)
-- Dumped by pg_dump version 16.10 (Ubuntu 16.10-0ubuntu0.24.04.1)

SET statement_timeout = 0;
SET lock_timeout = 0;
SET idle_in_transaction_session_timeout = 0;
SET client_encoding = 'UTF8';
SET standard_conforming_strings = on;
SELECT pg_catalog.set_config('search_path', '', false);
SET check_function_bodies = false;
SET xmloption = content;
SET client_min_messages = warning;
SET row_security = off;

--
-- Name: public; Type: SCHEMA; Schema: -; Owner: postgres
--

-- *not* creating schema, since initdb creates it



SET default_tablespace = '';

SET default_table_access_method = heap;

--
-- Name: cities; Type: TABLE; Schema: public; Owner: postgres
--

CREATE TABLE public.cities (
    city_id integer NOT NULL,
    city_name character varying(50),
    country character varying(5),
    coord_lat double precision,
    coord_lon double precision,
    timezone integer
);



--
-- Name: current_weather; Type: TABLE; Schema: public; Owner: postgres
--

CREATE TABLE public.current_weather (
    weather_id integer,
    weather_main character varying(50),
    description character varying(50),
    base character varying(20),
    temp double precision,
    feels_like double precision,
    temp_min double precision,
    temp_max double precision,
    pressure integer,
    humidity integer,
    visibility integer,
    wind_speed double precision,
    wind_deg integer,
    wind_gust double precision,
    clouds_all integer,
    dt timestamp without time zone,
    sunrise timestamp without time zone,
    sunset timestamp without time zone,
    city_id integer
);



--
-- Name: forecast_weather; Type: TABLE; Schema: public; Owner: postgres
--

CREATE TABLE public.forecast_weather (
    dt timestamp without time zone,
    dt_txt timestamp without time zone,
    temp double precision,
    feels_like double precision,
    temp_min double precision,
    temp_max double precision,
    pressure integer,
    humidity integer,
    weather_id integer,
    weather_main character varying(50),
    description character varying(50),
    wind_speed double precision,
    wind_deg integer,
    wind_gust double precision,
    visibility integer,
    city_id integer,
    sunrise timestamp without time zone,
    sunset timestamp without time zone
);



--
-- Data for Name: cities; Type: TABLE DATA; Schema: public; Owner: postgres
--

COPY public.cities (city_id, city_name, country, coord_lat, coord_lon, timezone) FROM stdin;
1581130	Hà Nội	VN	21.0245	105.8412	25200
1687343	Sapa	PH	5.1544	120.3241	28800
1580410	Thành Phố Hạ Long	VN	20.9511	107.08	25200
1581326	Thành Phố Hải Dương	VN	20.9333	106.3167	25200
1580240	Huế	VN	16.4667	107.6	25200
1562798	Vinh	VN	18.6667	105.6667	25200
1583992	Đà Nẵng	VN	16.0678	108.2208	25200
1568574	Quy Nhơn	VN	13.7667	109.2333	25200
1572151	Nha Trang	VN	12.25	109.1833	25200
1584071	Ðà Lạt	VN	11.9465	108.4419	25200
1566083	Thành phố Hồ Chí Minh	VN	10.75	106.6667	25200
1587871	Binh Duong	VN	14.2972	109.0797	25200
1586203	Cần Thơ	VN	10.0333	105.7833	25200
1562693	Vinh Long	VN	10.25	105.9667	25200
\.


--
-- Data for Name: current_weather; Type: TABLE DATA; Schema: public; Owner: postgres
--

COPY public.current_weather (weather_id, weather_main, description, base, temp, feels_like, temp_min, temp_max, pressure, humidity, visibility, wind_speed, wind_deg, wind_gust, clouds_all, dt, sunrise, sunset, city_id) FROM stdin;
802	Clouds	mây rải rác	stations	22	21.22	22	22	1021	37	10000	4.12	355	5.89	34	2025-11-26 11:05:59	2025-11-26 06:14:00	2025-11-26 17:14:07	1581130
500	Rain	mưa nhẹ	stations	29.55	34.41	29.55	29.55	1007	72	10000	4.69	186	6.43	99	2025-11-26 11:13:12	2025-11-26 04:50:27	2025-11-26 16:41:47	1687343
803	Clouds	mây cụm	stations	23.25	22.62	23.25	23.25	1020	38	10000	0.99	140	0.87	70	2025-11-26 11:09:33	2025-11-26 06:08:55	2025-11-26 17:09:18	1580410
802	Clouds	mây rải rác	stations	23.56	22.96	23.56	23.56	1021	38	10000	4.13	1	4.43	49	2025-11-26 11:10:11	2025-11-26 06:11:56	2025-11-26 17:12:23	1581326
803	Clouds	mây cụm	stations	21.06	21.52	21.06	21.06	1018	88	10000	5.14	310	NaN	75	2025-11-26 11:08:41	2025-11-26 05:59:14	2025-11-26 17:14:49	1580240
801	Clouds	mây thưa	stations	21.62	21.4	21.62	21.62	1020	60	10000	2.96	359	3.74	24	2025-11-26 11:10:49	2025-11-26 06:10:39	2025-11-26 17:18:52	1562798
802	Clouds	mây rải rác	stations	23.99	24.35	23.99	23.99	1017	73	10000	4.63	360	NaN	40	2025-11-26 11:09:56	2025-11-26 05:56:06	2025-11-26 17:12:59	1583992
500	Rain	mưa nhẹ	stations	24.53	25.15	24.53	24.53	1014	81	10000	10.86	1	14.45	99	2025-11-26 11:12:00	2025-11-26 05:48:18	2025-11-26 17:12:40	1568574
804	Clouds	mây đen u ám	stations	29	31.19	29	29	1012	61	10000	5.94	352	10.07	100	2025-11-26 11:12:38	2025-11-26 05:46:05	2025-11-26 17:15:18	1572151
804	Clouds	mây đen u ám	stations	20.08	19.63	20.08	20.08	1012	57	10000	2.84	48	5.04	86	2025-11-26 11:10:21	2025-11-26 05:48:34	2025-11-26 17:18:45	1584071
800	Clear	bầu trời quang đãng	stations	30.04	33.32	30.01	30.04	1009	62	10000	2.06	10	NaN	0	2025-11-26 11:12:59	2025-11-26 05:53:46	2025-11-26 17:27:44	1566083
804	Clouds	mây đen u ám	stations	24.39	24.92	24.39	24.39	1015	78	10000	8.89	4	13.84	85	2025-11-26 11:09:19	2025-11-26 05:49:46	2025-11-26 17:12:26	1587871
801	Clouds	mây thưa	stations	27.99	30.01	27.99	27.99	1010	65	10000	3.09	340	NaN	20	2025-11-26 11:13:18	2025-11-26 05:56:11	2025-11-26 17:32:24	1586203
804	Clouds	mây đen u ám	stations	27.96	30.21	27.96	27.96	1010	67	10000	3.31	350	3.52	100	2025-11-26 11:13:18	2025-11-26 05:55:47	2025-11-26 17:31:20	1562693
\.


--
-- Data for Name: forecast_weather; Type: TABLE DATA; Schema: public; Owner: postgres
--

COPY public.forecast_weather (dt, dt_txt, temp, feels_like, temp_min, temp_max, pressure, humidity, weather_id, weather_main, description, wind_speed, wind_deg, wind_gust, visibility, city_id, sunrise, sunset) FROM stdin;
2025-11-26 13:00:00	2025-11-26 06:00:00	22.62	21.93	22.62	23.87	1021	38	802	Clouds	mây rải rác	3.31	354	4.41	10000	1581130	2025-11-26 06:14:00	2025-11-26 17:14:07
2025-11-26 16:00:00	2025-11-26 09:00:00	23.45	22.74	23.45	24.17	1019	34	802	Clouds	mây rải rác	2.42	19	4.11	10000	1581130	2025-11-26 06:14:00	2025-11-26 17:14:07
2025-11-26 19:00:00	2025-11-26 12:00:00	20	19.18	20	20	1022	43	802	Clouds	mây rải rác	2.75	38	6.41	10000	1581130	2025-11-26 06:14:00	2025-11-26 17:14:07
2025-11-26 22:00:00	2025-11-26 15:00:00	17.88	17	17.88	17.88	1024	49	800	Clear	bầu trời quang đãng	3.05	19	5.03	10000	1581130	2025-11-26 06:14:00	2025-11-26 17:14:07
2025-11-27 01:00:00	2025-11-26 18:00:00	16.99	16.15	16.99	16.99	1024	54	800	Clear	bầu trời quang đãng	3.44	339	7.39	10000	1581130	2025-11-26 06:14:00	2025-11-26 17:14:07
2025-11-27 04:00:00	2025-11-26 21:00:00	15.29	14.65	15.29	15.29	1023	68	800	Clear	bầu trời quang đãng	3.28	327	7.46	10000	1581130	2025-11-26 06:14:00	2025-11-26 17:14:07
2025-11-27 07:00:00	2025-11-27 00:00:00	15.49	14.79	15.49	15.49	1026	65	802	Clouds	mây rải rác	2.4	346	8	10000	1581130	2025-11-26 06:14:00	2025-11-26 17:14:07
2025-11-27 10:00:00	2025-11-27 03:00:00	21.98	21.04	21.98	21.98	1026	31	801	Clouds	mây thưa	8.14	17	12.3	10000	1581130	2025-11-26 06:14:00	2025-11-26 17:14:07
2025-11-27 13:00:00	2025-11-27 06:00:00	24.36	23.45	24.36	24.36	1022	23	803	Clouds	mây cụm	7.73	16	9.54	10000	1581130	2025-11-26 06:14:00	2025-11-26 17:14:07
2025-11-27 16:00:00	2025-11-27 09:00:00	23.49	22.57	23.49	23.49	1021	26	804	Clouds	mây đen u ám	5.49	31	8.59	10000	1581130	2025-11-26 06:14:00	2025-11-26 17:14:07
2025-11-27 19:00:00	2025-11-27 12:00:00	18.79	17.77	18.79	18.79	1022	40	803	Clouds	mây cụm	3.81	33	9.68	10000	1581130	2025-11-26 06:14:00	2025-11-26 17:14:07
2025-11-27 22:00:00	2025-11-27 15:00:00	17.09	16	17.09	17.09	1022	44	802	Clouds	mây rải rác	3.95	17	9.37	10000	1581130	2025-11-26 06:14:00	2025-11-26 17:14:07
2025-11-28 01:00:00	2025-11-27 18:00:00	15.37	14.29	15.37	15.37	1021	51	803	Clouds	mây cụm	2.61	338	4.66	10000	1581130	2025-11-26 06:14:00	2025-11-26 17:14:07
2025-11-28 04:00:00	2025-11-27 21:00:00	13.91	12.95	13.91	13.91	1020	61	802	Clouds	mây rải rác	2.89	324	4.64	10000	1581130	2025-11-26 06:14:00	2025-11-26 17:14:07
2025-11-28 07:00:00	2025-11-28 00:00:00	13.39	12.51	13.39	13.39	1021	66	803	Clouds	mây cụm	3.59	316	7.41	10000	1581130	2025-11-26 06:14:00	2025-11-26 17:14:07
2025-11-28 10:00:00	2025-11-28 03:00:00	19.71	18.94	19.71	19.71	1021	46	803	Clouds	mây cụm	3.93	320	4.63	10000	1581130	2025-11-26 06:14:00	2025-11-26 17:14:07
2025-11-28 13:00:00	2025-11-28 06:00:00	23.46	22.62	23.46	23.46	1017	29	803	Clouds	mây cụm	2.31	338	2.44	10000	1581130	2025-11-26 06:14:00	2025-11-26 17:14:07
2025-11-28 16:00:00	2025-11-28 09:00:00	23.68	22.76	23.68	23.68	1015	25	800	Clear	bầu trời quang đãng	0.74	355	1.13	10000	1581130	2025-11-26 06:14:00	2025-11-26 17:14:07
2025-11-28 19:00:00	2025-11-28 12:00:00	19.68	18.62	19.68	19.68	1016	35	800	Clear	bầu trời quang đãng	1.5	173	1.6	10000	1581130	2025-11-26 06:14:00	2025-11-26 17:14:07
2025-11-28 22:00:00	2025-11-28 15:00:00	16.46	15.47	16.46	16.46	1018	50	800	Clear	bầu trời quang đãng	3.25	163	5.66	10000	1581130	2025-11-26 06:14:00	2025-11-26 17:14:07
2025-11-29 01:00:00	2025-11-28 18:00:00	15.43	14.44	15.43	15.43	1017	54	800	Clear	bầu trời quang đãng	1.8	148	2.01	10000	1581130	2025-11-26 06:14:00	2025-11-26 17:14:07
2025-11-29 04:00:00	2025-11-28 21:00:00	14.38	13.41	14.38	14.38	1015	59	800	Clear	bầu trời quang đãng	0.31	299	0.7	10000	1581130	2025-11-26 06:14:00	2025-11-26 17:14:07
2025-11-29 07:00:00	2025-11-29 00:00:00	13.82	12.93	13.82	13.82	1017	64	800	Clear	bầu trời quang đãng	1.63	325	2.07	10000	1581130	2025-11-26 06:14:00	2025-11-26 17:14:07
2025-11-29 10:00:00	2025-11-29 03:00:00	19.43	18.6	19.43	19.43	1017	45	800	Clear	bầu trời quang đãng	1.39	316	0.86	10000	1581130	2025-11-26 06:14:00	2025-11-26 17:14:07
2025-11-29 13:00:00	2025-11-29 06:00:00	23.4	22.61	23.4	23.4	1013	31	800	Clear	bầu trời quang đãng	0.71	199	1.4	10000	1581130	2025-11-26 06:14:00	2025-11-26 17:14:07
2025-11-29 16:00:00	2025-11-29 09:00:00	23.8	22.99	23.8	23.8	1012	29	800	Clear	bầu trời quang đãng	0.53	188	1.56	10000	1581130	2025-11-26 06:14:00	2025-11-26 17:14:07
2025-11-29 19:00:00	2025-11-29 12:00:00	20.56	19.72	20.56	20.56	1013	40	800	Clear	bầu trời quang đãng	1.81	104	2.62	10000	1581130	2025-11-26 06:14:00	2025-11-26 17:14:07
2025-11-29 22:00:00	2025-11-29 15:00:00	18.29	18.11	18.29	18.29	1015	74	800	Clear	bầu trời quang đãng	2.56	155	4.12	10000	1581130	2025-11-26 06:14:00	2025-11-26 17:14:07
2025-11-30 01:00:00	2025-11-29 18:00:00	17.48	17.29	17.48	17.48	1015	77	800	Clear	bầu trời quang đãng	1.6	157	1.81	10000	1581130	2025-11-26 06:14:00	2025-11-26 17:14:07
2025-11-30 04:00:00	2025-11-29 21:00:00	16.28	15.95	16.28	16.28	1014	76	800	Clear	bầu trời quang đãng	2.12	319	2.51	10000	1581130	2025-11-26 06:14:00	2025-11-26 17:14:07
2025-11-30 07:00:00	2025-11-30 00:00:00	15.21	14.77	15.21	15.21	1017	76	800	Clear	bầu trời quang đãng	2.61	314	4.31	10000	1581130	2025-11-26 06:14:00	2025-11-26 17:14:07
2025-11-30 10:00:00	2025-11-30 03:00:00	20.06	19.66	20.06	20.06	1018	59	802	Clouds	mây rải rác	3.5	315	3.79	10000	1581130	2025-11-26 06:14:00	2025-11-26 17:14:07
2025-11-30 13:00:00	2025-11-30 06:00:00	23.99	23.7	23.99	23.99	1015	48	802	Clouds	mây rải rác	2.9	324	3.02	10000	1581130	2025-11-26 06:14:00	2025-11-26 17:14:07
2025-11-30 16:00:00	2025-11-30 09:00:00	24.7	24.4	24.7	24.7	1014	45	800	Clear	bầu trời quang đãng	2.55	311	2.72	10000	1581130	2025-11-26 06:14:00	2025-11-26 17:14:07
2025-11-30 19:00:00	2025-11-30 12:00:00	20.93	20.46	20.93	20.93	1016	53	800	Clear	bầu trời quang đãng	2.37	290	2.95	10000	1581130	2025-11-26 06:14:00	2025-11-26 17:14:07
2025-11-30 22:00:00	2025-11-30 15:00:00	19.68	19.17	19.68	19.68	1018	56	802	Clouds	mây rải rác	2.63	331	3.77	10000	1581130	2025-11-26 06:14:00	2025-11-26 17:14:07
2025-12-01 01:00:00	2025-11-30 18:00:00	18.12	17.68	18.12	18.12	1018	65	801	Clouds	mây thưa	2.86	320	4.28	10000	1581130	2025-11-26 06:14:00	2025-11-26 17:14:07
2025-12-01 04:00:00	2025-11-30 21:00:00	16.49	16.05	16.49	16.49	1017	71	800	Clear	bầu trời quang đãng	3.18	320	6.34	10000	1581130	2025-11-26 06:14:00	2025-11-26 17:14:07
2025-12-01 07:00:00	2025-12-01 00:00:00	16.27	15.88	16.27	16.27	1018	74	800	Clear	bầu trời quang đãng	3.3	313	6.56	10000	1581130	2025-11-26 06:14:00	2025-11-26 17:14:07
2025-12-01 10:00:00	2025-12-01 03:00:00	22.54	22.16	22.54	22.54	1018	50	800	Clear	bầu trời quang đãng	3.62	312	4.44	10000	1581130	2025-11-26 06:14:00	2025-11-26 17:14:07
2025-11-26 13:00:00	2025-11-26 06:00:00	29.31	34.04	29.25	29.31	1007	73	500	Rain	mưa nhẹ	4.76	188	6.84	10000	1687343	2025-11-26 04:50:27	2025-11-26 16:41:47
2025-11-26 16:00:00	2025-11-26 09:00:00	28.83	33.67	28.57	28.83	1007	77	804	Clouds	mây đen u ám	4.09	193	6.94	10000	1687343	2025-11-26 04:50:27	2025-11-26 16:41:47
2025-11-26 19:00:00	2025-11-26 12:00:00	27.74	32.32	27.74	27.74	1008	86	500	Rain	mưa nhẹ	3.64	177	6.08	10000	1687343	2025-11-26 04:50:27	2025-11-26 16:41:47
2025-11-26 22:00:00	2025-11-26 15:00:00	27.58	32.01	27.58	27.58	1008	87	500	Rain	mưa nhẹ	3.82	181	6.13	10000	1687343	2025-11-26 04:50:27	2025-11-26 16:41:47
2025-11-27 01:00:00	2025-11-26 18:00:00	27.11	30.83	27.11	27.11	1007	88	500	Rain	mưa nhẹ	4.38	180	6.9	10000	1687343	2025-11-26 04:50:27	2025-11-26 16:41:47
2025-11-27 04:00:00	2025-11-26 21:00:00	26.99	30.4	26.99	26.99	1008	87	501	Rain	mưa vừa	4.32	179	6.91	10000	1687343	2025-11-26 04:50:27	2025-11-26 16:41:47
2025-11-27 07:00:00	2025-11-27 00:00:00	28.05	33.04	28.05	28.05	1010	85	500	Rain	mưa nhẹ	4.52	180	7.35	10000	1687343	2025-11-26 04:50:27	2025-11-26 16:41:47
2025-11-27 10:00:00	2025-11-27 03:00:00	29.43	35.01	29.43	29.43	1009	76	500	Rain	mưa nhẹ	4.77	180	7.11	10000	1687343	2025-11-26 04:50:27	2025-11-26 16:41:47
2025-11-27 13:00:00	2025-11-27 06:00:00	29.62	35.04	29.62	29.62	1006	74	500	Rain	mưa nhẹ	5.75	187	7.89	10000	1687343	2025-11-26 04:50:27	2025-11-26 16:41:47
2025-11-27 16:00:00	2025-11-27 09:00:00	28.59	33.82	28.59	28.59	1006	81	500	Rain	mưa nhẹ	4.53	185	7.66	10000	1687343	2025-11-26 04:50:27	2025-11-26 16:41:47
2025-11-27 19:00:00	2025-11-27 12:00:00	27.78	32.28	27.78	27.78	1008	85	500	Rain	mưa nhẹ	3.77	180	6.65	10000	1687343	2025-11-26 04:50:27	2025-11-26 16:41:47
2025-11-27 22:00:00	2025-11-27 15:00:00	27.96	32.78	27.96	27.96	1008	85	500	Rain	mưa nhẹ	3.31	187	5.99	10000	1687343	2025-11-26 04:50:27	2025-11-26 16:41:47
2025-11-28 01:00:00	2025-11-27 18:00:00	26.63	26.63	26.63	26.63	1007	88	501	Rain	mưa vừa	2.91	181	3.47	10000	1687343	2025-11-26 04:50:27	2025-11-26 16:41:47
2025-11-28 04:00:00	2025-11-27 21:00:00	26.41	26.41	26.41	26.41	1008	87	501	Rain	mưa vừa	2.79	195	3.67	10000	1687343	2025-11-26 04:50:27	2025-11-26 16:41:47
2025-11-28 07:00:00	2025-11-28 00:00:00	27.81	32.07	27.81	27.81	1010	83	501	Rain	mưa vừa	2.94	185	4.69	10000	1687343	2025-11-26 04:50:27	2025-11-26 16:41:47
2025-11-28 10:00:00	2025-11-28 03:00:00	28.55	33.71	28.55	28.55	1009	81	500	Rain	mưa nhẹ	4.02	176	5.47	10000	1687343	2025-11-26 04:50:27	2025-11-26 16:41:47
2025-11-28 13:00:00	2025-11-28 06:00:00	29.35	33.92	29.35	29.35	1006	72	500	Rain	mưa nhẹ	5.15	181	6.48	10000	1687343	2025-11-26 04:50:27	2025-11-26 16:41:47
2025-11-28 16:00:00	2025-11-28 09:00:00	28.21	32.63	28.21	28.21	1007	80	804	Clouds	mây đen u ám	3.7	188	5.76	10000	1687343	2025-11-26 04:50:27	2025-11-26 16:41:47
2025-11-28 19:00:00	2025-11-28 12:00:00	27.51	31.42	27.51	27.51	1009	84	500	Rain	mưa nhẹ	3.21	191	4.71	10000	1687343	2025-11-26 04:50:27	2025-11-26 16:41:47
2025-11-28 22:00:00	2025-11-28 15:00:00	26.81	29.84	26.81	26.81	1009	86	500	Rain	mưa nhẹ	2.77	202	3.2	10000	1687343	2025-11-26 04:50:27	2025-11-26 16:41:47
2025-11-29 01:00:00	2025-11-28 18:00:00	26.52	26.52	26.52	26.52	1007	86	500	Rain	mưa nhẹ	2.18	209	2.44	10000	1687343	2025-11-26 04:50:27	2025-11-26 16:41:47
2025-11-29 04:00:00	2025-11-28 21:00:00	26.73	29.55	26.73	26.73	1008	85	500	Rain	mưa nhẹ	2.13	198	2.43	10000	1687343	2025-11-26 04:50:27	2025-11-26 16:41:47
2025-11-29 07:00:00	2025-11-29 00:00:00	27.73	32	27.73	27.73	1010	84	500	Rain	mưa nhẹ	2.98	169	4.23	10000	1687343	2025-11-26 04:50:27	2025-11-26 16:41:47
2025-11-29 10:00:00	2025-11-29 03:00:00	27.8	32.34	27.8	27.8	1009	85	501	Rain	mưa vừa	2.94	175	4.14	10000	1687343	2025-11-26 04:50:27	2025-11-26 16:41:47
2025-11-29 13:00:00	2025-11-29 06:00:00	27.95	32.13	27.95	27.95	1007	81	501	Rain	mưa vừa	3.61	182	4.83	10000	1687343	2025-11-26 04:50:27	2025-11-26 16:41:47
2025-11-29 16:00:00	2025-11-29 09:00:00	27.62	31.57	27.62	27.62	1008	83	500	Rain	mưa nhẹ	3.45	198	4.69	10000	1687343	2025-11-26 04:50:27	2025-11-26 16:41:47
2025-11-29 19:00:00	2025-11-29 12:00:00	26.91	29.9	26.91	26.91	1010	84	500	Rain	mưa nhẹ	2.74	204	3.55	10000	1687343	2025-11-26 04:50:27	2025-11-26 16:41:47
2025-11-29 22:00:00	2025-11-29 15:00:00	27.06	30.17	27.06	27.06	1010	83	500	Rain	mưa nhẹ	2.22	207	2.39	10000	1687343	2025-11-26 04:50:27	2025-11-26 16:41:47
2025-11-30 01:00:00	2025-11-29 18:00:00	26.51	26.51	26.51	26.51	1008	84	500	Rain	mưa nhẹ	1.68	251	1.69	10000	1687343	2025-11-26 04:50:27	2025-11-26 16:41:47
2025-11-30 04:00:00	2025-11-29 21:00:00	26.08	26.08	26.08	26.08	1009	85	500	Rain	mưa nhẹ	2.52	297	2.68	10000	1687343	2025-11-26 04:50:27	2025-11-26 16:41:47
2025-11-30 07:00:00	2025-11-30 00:00:00	27.06	30.07	27.06	27.06	1011	82	501	Rain	mưa vừa	2.99	299	4.61	10000	1687343	2025-11-26 04:50:27	2025-11-26 16:41:47
2025-11-30 10:00:00	2025-11-30 03:00:00	26.59	26.59	26.59	26.59	1011	85	500	Rain	mưa nhẹ	4.76	292	6.4	10000	1687343	2025-11-26 04:50:27	2025-11-26 16:41:47
2025-11-30 13:00:00	2025-11-30 06:00:00	27.41	30.67	27.41	27.41	1009	80	500	Rain	mưa nhẹ	4.9	280	5.26	10000	1687343	2025-11-26 04:50:27	2025-11-26 16:41:47
2025-11-30 16:00:00	2025-11-30 09:00:00	25.82	26.78	25.82	25.82	1009	89	500	Rain	mưa nhẹ	4.21	289	5.74	10000	1687343	2025-11-26 04:50:27	2025-11-26 16:41:47
2025-11-30 19:00:00	2025-11-30 12:00:00	25.23	26.11	25.23	25.23	1011	88	500	Rain	mưa nhẹ	2.07	302	2.5	10000	1687343	2025-11-26 04:50:27	2025-11-26 16:41:47
2025-11-30 22:00:00	2025-11-30 15:00:00	25.31	26.14	25.31	25.31	1010	86	804	Clouds	mây đen u ám	2.15	340	2.69	10000	1687343	2025-11-26 04:50:27	2025-11-26 16:41:47
2025-12-01 01:00:00	2025-11-30 18:00:00	25.36	26.22	25.36	25.36	1009	87	804	Clouds	mây đen u ám	3.2	327	4.75	10000	1687343	2025-11-26 04:50:27	2025-11-26 16:41:47
2025-12-01 04:00:00	2025-11-30 21:00:00	25.67	26.51	25.67	25.67	1009	85	804	Clouds	mây đen u ám	2.12	352	2.83	10000	1687343	2025-11-26 04:50:27	2025-11-26 16:41:47
2025-12-01 07:00:00	2025-12-01 00:00:00	26.71	29.34	26.71	26.71	1011	83	804	Clouds	mây đen u ám	2.47	330	3.77	10000	1687343	2025-11-26 04:50:27	2025-11-26 16:41:47
2025-12-01 10:00:00	2025-12-01 03:00:00	27.98	31.75	27.98	27.98	1010	78	500	Rain	mưa nhẹ	2.47	335	3.63	10000	1687343	2025-11-26 04:50:27	2025-11-26 16:41:47
2025-11-26 13:00:00	2025-11-26 06:00:00	22.46	21.83	22.46	22.93	1020	41	803	Clouds	mây cụm	2.9	154	2.19	10000	1580410	2025-11-26 06:08:55	2025-11-26 17:09:18
2025-11-26 16:00:00	2025-11-26 09:00:00	21.28	20.66	20.81	21.28	1020	46	802	Clouds	mây rải rác	2.04	104	2.47	10000	1580410	2025-11-26 06:08:55	2025-11-26 17:09:18
2025-11-26 19:00:00	2025-11-26 12:00:00	17.61	16.97	17.61	17.61	1022	59	801	Clouds	mây thưa	1.94	21	2.61	10000	1580410	2025-11-26 06:08:55	2025-11-26 17:09:18
2025-11-26 22:00:00	2025-11-26 15:00:00	16.32	15.63	16.32	16.32	1024	62	800	Clear	bầu trời quang đãng	2.1	338	2.06	10000	1580410	2025-11-26 06:08:55	2025-11-26 17:09:18
2025-11-27 01:00:00	2025-11-26 18:00:00	15.86	14.91	15.86	15.86	1022	54	800	Clear	bầu trời quang đãng	3.34	356	11.17	10000	1580410	2025-11-26 06:08:55	2025-11-26 17:09:18
2025-11-27 04:00:00	2025-11-26 21:00:00	17.07	16.14	17.07	17.07	1022	50	800	Clear	bầu trời quang đãng	3.74	13	9.7	10000	1580410	2025-11-26 06:08:55	2025-11-26 17:09:18
2025-11-27 07:00:00	2025-11-27 00:00:00	16.01	15.13	16.01	16.01	1024	56	801	Clouds	mây thưa	3.49	13	5.32	10000	1580410	2025-11-26 06:08:55	2025-11-26 17:09:18
2025-11-27 10:00:00	2025-11-27 03:00:00	21.24	20.28	21.24	21.24	1024	33	804	Clouds	mây đen u ám	4.81	357	6.73	10000	1580410	2025-11-26 06:08:55	2025-11-26 17:09:18
2025-11-27 13:00:00	2025-11-27 06:00:00	23.62	22.77	23.62	23.62	1021	28	803	Clouds	mây cụm	2.11	56	3.84	10000	1580410	2025-11-26 06:08:55	2025-11-26 17:09:18
2025-11-27 16:00:00	2025-11-27 09:00:00	21.8	21	21.8	21.8	1020	37	804	Clouds	mây đen u ám	2.45	357	4.62	10000	1580410	2025-11-26 06:08:55	2025-11-26 17:09:18
2025-11-27 19:00:00	2025-11-27 12:00:00	17.54	16.5	17.54	17.54	1022	44	804	Clouds	mây đen u ám	2.86	11	4.12	10000	1580410	2025-11-26 06:08:55	2025-11-26 17:09:18
2025-11-27 22:00:00	2025-11-27 15:00:00	15.5	14.41	15.5	15.5	1022	50	804	Clouds	mây đen u ám	2.1	351	1.89	10000	1580410	2025-11-26 06:08:55	2025-11-26 17:09:18
2025-11-28 01:00:00	2025-11-27 18:00:00	14.47	13.28	14.47	14.47	1020	50	804	Clouds	mây đen u ám	2.36	352	2.45	10000	1580410	2025-11-26 06:08:55	2025-11-26 17:09:18
2025-11-28 04:00:00	2025-11-27 21:00:00	13.74	12.5	13.74	13.74	1019	51	804	Clouds	mây đen u ám	2.45	345	2.46	10000	1580410	2025-11-26 06:08:55	2025-11-26 17:09:18
2025-11-28 07:00:00	2025-11-28 00:00:00	14.06	12.88	14.06	14.06	1020	52	804	Clouds	mây đen u ám	2.02	350	2.37	10000	1580410	2025-11-26 06:08:55	2025-11-26 17:09:18
2025-11-28 10:00:00	2025-11-28 03:00:00	21.85	20.9	21.85	21.85	1020	31	804	Clouds	mây đen u ám	0.51	112	0.5	10000	1580410	2025-11-26 06:08:55	2025-11-26 17:09:18
2025-11-28 13:00:00	2025-11-28 06:00:00	22.87	21.97	22.87	22.87	1017	29	802	Clouds	mây rải rác	2.98	157	2.31	10000	1580410	2025-11-26 06:08:55	2025-11-26 17:09:18
2025-11-28 16:00:00	2025-11-28 09:00:00	19.85	18.99	19.85	19.85	1016	42	803	Clouds	mây cụm	2.36	126	2.99	10000	1580410	2025-11-26 06:08:55	2025-11-26 17:09:18
2025-11-28 19:00:00	2025-11-28 12:00:00	16.32	15.42	16.32	16.32	1017	54	802	Clouds	mây rải rác	1.94	50	2.46	10000	1580410	2025-11-26 06:08:55	2025-11-26 17:09:18
2025-11-28 22:00:00	2025-11-28 15:00:00	15.5	14.54	15.5	15.5	1018	55	802	Clouds	mây rải rác	1.79	31	2.05	10000	1580410	2025-11-26 06:08:55	2025-11-26 17:09:18
2025-11-29 01:00:00	2025-11-28 18:00:00	14.89	13.92	14.89	14.89	1017	57	801	Clouds	mây thưa	1.93	16	1.89	10000	1580410	2025-11-26 06:08:55	2025-11-26 17:09:18
2025-11-29 04:00:00	2025-11-28 21:00:00	14.2	13.16	14.2	14.2	1015	57	800	Clear	bầu trời quang đãng	1.83	10	1.74	10000	1580410	2025-11-26 06:08:55	2025-11-26 17:09:18
2025-11-29 07:00:00	2025-11-29 00:00:00	15.22	14.21	15.22	15.22	1016	54	801	Clouds	mây thưa	1.64	2	1.47	10000	1580410	2025-11-26 06:08:55	2025-11-26 17:09:18
2025-11-29 10:00:00	2025-11-29 03:00:00	20.89	20.18	20.89	20.89	1017	44	802	Clouds	mây rải rác	1.38	117	1.99	10000	1580410	2025-11-26 06:08:55	2025-11-26 17:09:18
2025-11-29 13:00:00	2025-11-29 06:00:00	22.13	21.7	22.13	22.13	1013	50	803	Clouds	mây cụm	1.75	136	1.52	10000	1580410	2025-11-26 06:08:55	2025-11-26 17:09:18
2025-11-29 16:00:00	2025-11-29 09:00:00	20.66	20.3	20.66	20.66	1012	58	800	Clear	bầu trời quang đãng	1.73	125	2.16	10000	1580410	2025-11-26 06:08:55	2025-11-26 17:09:18
2025-11-29 19:00:00	2025-11-29 12:00:00	17.82	17.46	17.82	17.82	1014	69	801	Clouds	mây thưa	2.12	83	2.58	10000	1580410	2025-11-26 06:08:55	2025-11-26 17:09:18
2025-11-29 22:00:00	2025-11-29 15:00:00	18.63	18.27	18.63	18.63	1015	66	804	Clouds	mây đen u ám	1.88	76	2.4	10000	1580410	2025-11-26 06:08:55	2025-11-26 17:09:18
2025-11-30 01:00:00	2025-11-29 18:00:00	18.37	18.12	18.37	18.37	1015	71	804	Clouds	mây đen u ám	2.36	69	2.94	10000	1580410	2025-11-26 06:08:55	2025-11-26 17:09:18
2025-11-30 04:00:00	2025-11-29 21:00:00	18.07	17.79	18.07	18.07	1014	71	804	Clouds	mây đen u ám	1.86	30	2.22	10000	1580410	2025-11-26 06:08:55	2025-11-26 17:09:18
2025-11-30 07:00:00	2025-11-30 00:00:00	18.48	18.21	18.48	18.48	1016	70	804	Clouds	mây đen u ám	1.18	4	1.49	10000	1580410	2025-11-26 06:08:55	2025-11-26 17:09:18
2025-11-30 10:00:00	2025-11-30 03:00:00	20.83	20.59	20.83	20.83	1017	62	804	Clouds	mây đen u ám	0.82	336	1.47	10000	1580410	2025-11-26 06:08:55	2025-11-26 17:09:18
2025-11-30 13:00:00	2025-11-30 06:00:00	25.08	25.11	25.08	25.08	1015	56	803	Clouds	mây cụm	1.94	103	1.76	10000	1580410	2025-11-26 06:08:55	2025-11-26 17:09:18
2025-11-30 16:00:00	2025-11-30 09:00:00	22.22	22.35	22.22	22.22	1015	71	802	Clouds	mây rải rác	2.55	133	2.71	10000	1580410	2025-11-26 06:08:55	2025-11-26 17:09:18
2025-11-30 19:00:00	2025-11-30 12:00:00	19.47	19.69	19.47	19.47	1017	85	802	Clouds	mây rải rác	1.76	86	2.22	10000	1580410	2025-11-26 06:08:55	2025-11-26 17:09:18
2025-11-30 22:00:00	2025-11-30 15:00:00	18.66	18.8	18.66	18.66	1018	85	800	Clear	bầu trời quang đãng	1.41	355	1.33	10000	1580410	2025-11-26 06:08:55	2025-11-26 17:09:18
2025-12-01 01:00:00	2025-11-30 18:00:00	18.03	17.9	18.03	18.03	1017	77	800	Clear	bầu trời quang đãng	2.02	323	2.18	10000	1580410	2025-11-26 06:08:55	2025-11-26 17:09:18
2025-12-01 04:00:00	2025-11-30 21:00:00	17.75	17.43	17.75	17.75	1016	71	801	Clouds	mây thưa	2.43	328	2.55	10000	1580410	2025-11-26 06:08:55	2025-11-26 17:09:18
2025-12-01 07:00:00	2025-12-01 00:00:00	18.15	17.8	18.15	18.15	1017	68	801	Clouds	mây thưa	2.19	348	2.75	10000	1580410	2025-11-26 06:08:55	2025-11-26 17:09:18
2025-12-01 10:00:00	2025-12-01 03:00:00	25.06	24.8	25.06	25.06	1017	45	800	Clear	bầu trời quang đãng	0.78	171	0.66	10000	1580410	2025-11-26 06:08:55	2025-11-26 17:09:18
2025-11-26 13:00:00	2025-11-26 06:00:00	22.96	22.3	22.96	24.37	1020	38	803	Clouds	mây cụm	3.63	15	4.3	10000	1581326	2025-11-26 06:11:56	2025-11-26 17:12:23
2025-11-26 16:00:00	2025-11-26 09:00:00	22.7	21.99	22.7	22.93	1019	37	803	Clouds	mây cụm	3.69	15	4.81	10000	1581326	2025-11-26 06:11:56	2025-11-26 17:12:23
2025-11-26 19:00:00	2025-11-26 12:00:00	19.59	19.15	19.59	19.59	1022	59	802	Clouds	mây rải rác	3	93	4.19	10000	1581326	2025-11-26 06:11:56	2025-11-26 17:12:23
2025-11-26 22:00:00	2025-11-26 15:00:00	18.07	17.5	18.07	18.07	1024	60	800	Clear	bầu trời quang đãng	1.73	339	1.62	10000	1581326	2025-11-26 06:11:56	2025-11-26 17:12:23
2025-11-27 01:00:00	2025-11-26 18:00:00	16.82	16.02	16.82	16.82	1023	56	800	Clear	bầu trời quang đãng	4.4	339	9.53	10000	1581326	2025-11-26 06:11:56	2025-11-26 17:12:23
2025-11-27 04:00:00	2025-11-26 21:00:00	14.87	14.03	14.87	14.87	1023	62	800	Clear	bầu trời quang đãng	3.83	351	13.09	10000	1581326	2025-11-26 06:11:56	2025-11-26 17:12:23
2025-11-27 07:00:00	2025-11-27 00:00:00	15.47	14.59	15.47	15.47	1025	58	801	Clouds	mây thưa	4.21	353	12.26	10000	1581326	2025-11-26 06:11:56	2025-11-26 17:12:23
2025-11-27 10:00:00	2025-11-27 03:00:00	20.71	19.8	20.71	20.71	1026	37	801	Clouds	mây thưa	9.52	9	13.23	10000	1581326	2025-11-26 06:11:56	2025-11-26 17:12:23
2025-11-27 13:00:00	2025-11-27 06:00:00	23.26	22.35	23.26	23.26	1022	27	803	Clouds	mây cụm	8.29	28	10.03	10000	1581326	2025-11-26 06:11:56	2025-11-26 17:12:23
2025-11-27 16:00:00	2025-11-27 09:00:00	21.94	21.03	21.94	21.94	1021	32	804	Clouds	mây đen u ám	6.07	18	9.54	10000	1581326	2025-11-26 06:11:56	2025-11-26 17:12:23
2025-11-27 19:00:00	2025-11-27 12:00:00	17.62	16.61	17.62	17.62	1022	45	804	Clouds	mây đen u ám	3.43	2	8.28	10000	1581326	2025-11-26 06:11:56	2025-11-26 17:12:23
2025-11-27 22:00:00	2025-11-27 15:00:00	15.65	14.55	15.65	15.65	1022	49	802	Clouds	mây rải rác	3.03	351	5.49	10000	1581326	2025-11-26 06:11:56	2025-11-26 17:12:23
2025-11-28 01:00:00	2025-11-27 18:00:00	13.95	12.84	13.95	13.95	1021	55	802	Clouds	mây rải rác	3.34	346	6.56	10000	1581326	2025-11-26 06:11:56	2025-11-26 17:12:23
2025-11-28 04:00:00	2025-11-27 21:00:00	13.02	11.84	13.02	13.02	1020	56	804	Clouds	mây đen u ám	3.65	332	6.9	10000	1581326	2025-11-26 06:11:56	2025-11-26 17:12:23
2025-11-28 07:00:00	2025-11-28 00:00:00	12.76	11.71	12.76	12.76	1020	62	803	Clouds	mây cụm	3.86	327	8.11	10000	1581326	2025-11-26 06:11:56	2025-11-26 17:12:23
2025-11-28 10:00:00	2025-11-28 03:00:00	19.88	18.92	19.88	19.88	1021	38	804	Clouds	mây đen u ám	4.47	337	5.41	10000	1581326	2025-11-26 06:11:56	2025-11-26 17:12:23
2025-11-28 13:00:00	2025-11-28 06:00:00	23.33	22.4	23.33	23.33	1017	26	803	Clouds	mây cụm	2.63	352	2.18	10000	1581326	2025-11-26 06:11:56	2025-11-26 17:12:23
2025-11-28 16:00:00	2025-11-28 09:00:00	23.55	22.59	23.55	23.55	1015	24	803	Clouds	mây cụm	0.63	23	0.9	10000	1581326	2025-11-26 06:11:56	2025-11-26 17:12:23
2025-11-28 19:00:00	2025-11-28 12:00:00	17.02	16.08	17.02	17.02	1017	50	802	Clouds	mây rải rác	3.5	128	7.13	10000	1581326	2025-11-26 06:11:56	2025-11-26 17:12:23
2025-11-28 22:00:00	2025-11-28 15:00:00	16.12	15.25	16.12	16.12	1018	56	800	Clear	bầu trời quang đãng	2.16	135	2.31	10000	1581326	2025-11-26 06:11:56	2025-11-26 17:12:23
2025-11-29 01:00:00	2025-11-28 18:00:00	15.21	14.35	15.21	15.21	1017	60	800	Clear	bầu trời quang đãng	0.79	93	0.88	10000	1581326	2025-11-26 06:11:56	2025-11-26 17:12:23
2025-11-29 04:00:00	2025-11-28 21:00:00	14.32	13.37	14.32	14.32	1015	60	800	Clear	bầu trời quang đãng	1.25	10	1.26	10000	1581326	2025-11-26 06:11:56	2025-11-26 17:12:23
2025-11-29 07:00:00	2025-11-29 00:00:00	14.21	13.28	14.21	14.21	1016	61	800	Clear	bầu trời quang đãng	1.86	339	1.79	10000	1581326	2025-11-26 06:11:56	2025-11-26 17:12:23
2025-11-29 10:00:00	2025-11-29 03:00:00	19.97	19.15	19.97	19.97	1017	43	800	Clear	bầu trời quang đãng	1.62	330	0.76	10000	1581326	2025-11-26 06:11:56	2025-11-26 17:12:23
2025-11-29 13:00:00	2025-11-29 06:00:00	23.49	22.7	23.49	23.49	1013	31	800	Clear	bầu trời quang đãng	0.51	128	1.09	10000	1581326	2025-11-26 06:11:56	2025-11-26 17:12:23
2025-11-29 16:00:00	2025-11-29 09:00:00	23.77	23.14	23.77	23.77	1012	36	800	Clear	bầu trời quang đãng	1.78	124	2.23	10000	1581326	2025-11-26 06:11:56	2025-11-26 17:12:23
2025-11-29 19:00:00	2025-11-29 12:00:00	19.17	18.97	19.17	19.17	1014	70	800	Clear	bầu trời quang đãng	3.84	133	7.43	10000	1581326	2025-11-26 06:11:56	2025-11-26 17:12:23
2025-11-29 22:00:00	2025-11-29 15:00:00	18.53	18.27	18.53	18.53	1015	70	801	Clouds	mây thưa	2.21	120	3.99	10000	1581326	2025-11-26 06:11:56	2025-11-26 17:12:23
2025-11-30 01:00:00	2025-11-29 18:00:00	18.94	18.69	18.94	18.94	1014	69	802	Clouds	mây rải rác	1.55	113	2.18	10000	1581326	2025-11-26 06:11:56	2025-11-26 17:12:23
2025-11-30 04:00:00	2025-11-29 21:00:00	19.02	18.83	19.02	19.02	1014	71	804	Clouds	mây đen u ám	1.32	46	1.45	10000	1581326	2025-11-26 06:11:56	2025-11-26 17:12:23
2025-11-30 07:00:00	2025-11-30 00:00:00	17.63	17.33	17.63	17.63	1016	72	804	Clouds	mây đen u ám	2.75	327	3.85	10000	1581326	2025-11-26 06:11:56	2025-11-26 17:12:23
2025-11-30 10:00:00	2025-11-30 03:00:00	19.62	19.26	19.62	19.62	1018	62	804	Clouds	mây đen u ám	3.6	328	4.34	10000	1581326	2025-11-26 06:11:56	2025-11-26 17:12:23
2025-11-30 13:00:00	2025-11-30 06:00:00	23.94	23.7	23.94	23.94	1015	50	803	Clouds	mây cụm	3.79	336	4.11	10000	1581326	2025-11-26 06:11:56	2025-11-26 17:12:23
2025-11-30 16:00:00	2025-11-30 09:00:00	24.9	24.73	24.9	24.9	1014	49	800	Clear	bầu trời quang đãng	2.55	340	2.76	10000	1581326	2025-11-26 06:11:56	2025-11-26 17:12:23
2025-11-30 19:00:00	2025-11-30 12:00:00	21.33	21.22	21.33	21.33	1016	65	800	Clear	bầu trời quang đãng	1.02	79	1.83	10000	1581326	2025-11-26 06:11:56	2025-11-26 17:12:23
2025-11-30 22:00:00	2025-11-30 15:00:00	19.37	19.58	19.37	19.37	1018	85	802	Clouds	mây rải rác	1	134	0.91	10000	1581326	2025-11-26 06:11:56	2025-11-26 17:12:23
2025-12-01 01:00:00	2025-11-30 18:00:00	18.76	18.83	18.76	18.76	1017	82	801	Clouds	mây thưa	2.32	310	2.41	10000	1581326	2025-11-26 06:11:56	2025-11-26 17:12:23
2025-12-01 04:00:00	2025-11-30 21:00:00	17.2	16.86	17.2	17.2	1016	72	800	Clear	bầu trời quang đãng	3.56	326	6.51	10000	1581326	2025-11-26 06:11:56	2025-11-26 17:12:23
2025-12-01 07:00:00	2025-12-01 00:00:00	16.66	16.21	16.66	16.66	1018	70	800	Clear	bầu trời quang đãng	3.62	319	7.17	10000	1581326	2025-11-26 06:11:56	2025-11-26 17:12:23
2025-12-01 10:00:00	2025-12-01 03:00:00	22.97	22.42	22.97	22.97	1017	42	800	Clear	bầu trời quang đãng	4.8	331	5.4	10000	1581326	2025-11-26 06:11:56	2025-11-26 17:12:23
2025-11-26 13:00:00	2025-11-26 06:00:00	20.81	21.22	20.32	20.81	1018	87	500	Rain	mưa nhẹ	1.73	271	2.17	10000	1580240	2025-11-26 05:59:14	2025-11-26 17:14:49
2025-11-26 16:00:00	2025-11-26 09:00:00	20.09	20.5	19.61	20.09	1017	90	500	Rain	mưa nhẹ	1.78	253	1.56	10000	1580240	2025-11-26 05:59:14	2025-11-26 17:14:49
2025-11-26 19:00:00	2025-11-26 12:00:00	18.39	18.82	18.39	18.39	1019	97	500	Rain	mưa nhẹ	2.95	232	3.93	10000	1580240	2025-11-26 05:59:14	2025-11-26 17:14:49
2025-11-26 22:00:00	2025-11-26 15:00:00	18.86	19.18	18.86	18.86	1020	91	500	Rain	mưa nhẹ	1.83	258	2.47	10000	1580240	2025-11-26 05:59:14	2025-11-26 17:14:49
2025-11-27 01:00:00	2025-11-26 18:00:00	20.1	20.39	20.1	20.1	1019	85	500	Rain	mưa nhẹ	4.43	346	8.33	10000	1580240	2025-11-26 05:59:14	2025-11-26 17:14:49
2025-11-27 04:00:00	2025-11-26 21:00:00	19.84	19.92	19.84	19.84	1018	78	500	Rain	mưa nhẹ	5.54	347	10.82	10000	1580240	2025-11-26 05:59:14	2025-11-26 17:14:49
2025-11-27 07:00:00	2025-11-27 00:00:00	19.87	19.9	19.87	19.87	1020	76	500	Rain	mưa nhẹ	5.21	348	10.3	10000	1580240	2025-11-26 05:59:14	2025-11-26 17:14:49
2025-11-27 10:00:00	2025-11-27 03:00:00	21.5	21.46	21.5	21.5	1021	67	500	Rain	mưa nhẹ	5.48	346	8.86	10000	1580240	2025-11-26 05:59:14	2025-11-26 17:14:49
2025-11-27 13:00:00	2025-11-27 06:00:00	22.55	22.45	22.55	22.55	1019	61	804	Clouds	mây đen u ám	6.13	351	8.13	10000	1580240	2025-11-26 05:59:14	2025-11-26 17:14:49
2025-11-27 16:00:00	2025-11-27 09:00:00	19.81	19.6	19.81	19.81	1018	67	500	Rain	mưa nhẹ	4.93	343	9.31	10000	1580240	2025-11-26 05:59:14	2025-11-26 17:14:49
2025-11-27 19:00:00	2025-11-27 12:00:00	18.98	18.71	18.98	18.98	1020	68	804	Clouds	mây đen u ám	4.3	342	7	10000	1580240	2025-11-26 05:59:14	2025-11-26 17:14:49
2025-11-27 22:00:00	2025-11-27 15:00:00	18.37	18.09	18.37	18.37	1019	70	804	Clouds	mây đen u ám	2.71	322	4.44	10000	1580240	2025-11-26 05:59:14	2025-11-26 17:14:49
2025-11-28 01:00:00	2025-11-27 18:00:00	18.92	18.62	18.92	18.92	1018	67	804	Clouds	mây đen u ám	2.78	322	4.96	10000	1580240	2025-11-26 05:59:14	2025-11-26 17:14:49
2025-11-28 04:00:00	2025-11-27 21:00:00	18.19	17.79	18.19	18.19	1017	66	804	Clouds	mây đen u ám	2.5	317	4.6	10000	1580240	2025-11-26 05:59:14	2025-11-26 17:14:49
2025-11-28 07:00:00	2025-11-28 00:00:00	17.96	17.72	17.96	17.96	1018	73	804	Clouds	mây đen u ám	1.71	303	3.36	10000	1580240	2025-11-26 05:59:14	2025-11-26 17:14:49
2025-11-28 10:00:00	2025-11-28 03:00:00	22.26	22.06	22.26	22.26	1019	58	804	Clouds	mây đen u ám	3.33	349	4.69	10000	1580240	2025-11-26 05:59:14	2025-11-26 17:14:49
2025-11-28 13:00:00	2025-11-28 06:00:00	22.09	21.9	22.09	22.09	1015	59	804	Clouds	mây đen u ám	3.53	347	4.52	10000	1580240	2025-11-26 05:59:14	2025-11-26 17:14:49
2025-11-28 16:00:00	2025-11-28 09:00:00	20.64	20.54	20.64	20.64	1015	68	804	Clouds	mây đen u ám	2.24	336	3.95	10000	1580240	2025-11-26 05:59:14	2025-11-26 17:14:49
2025-11-28 19:00:00	2025-11-28 12:00:00	19.45	19.23	19.45	19.45	1016	68	804	Clouds	mây đen u ám	1.39	281	1.89	10000	1580240	2025-11-26 05:59:14	2025-11-26 17:14:49
2025-11-28 22:00:00	2025-11-28 15:00:00	18.62	18.47	18.62	18.62	1016	74	804	Clouds	mây đen u ám	1.95	251	2.17	10000	1580240	2025-11-26 05:59:14	2025-11-26 17:14:49
2025-11-29 01:00:00	2025-11-28 18:00:00	18.36	18.21	18.36	18.36	1015	75	804	Clouds	mây đen u ám	2.17	266	2.82	10000	1580240	2025-11-26 05:59:14	2025-11-26 17:14:49
2025-11-29 04:00:00	2025-11-28 21:00:00	18.06	17.93	18.06	18.06	1014	77	804	Clouds	mây đen u ám	2.44	265	3.96	10000	1580240	2025-11-26 05:59:14	2025-11-26 17:14:49
2025-11-29 07:00:00	2025-11-29 00:00:00	17.84	17.77	17.84	17.84	1015	80	804	Clouds	mây đen u ám	2.15	268	3.37	10000	1580240	2025-11-26 05:59:14	2025-11-26 17:14:49
2025-11-29 10:00:00	2025-11-29 03:00:00	19.96	19.97	19.96	19.96	1015	75	804	Clouds	mây đen u ám	2.73	283	4.2	10000	1580240	2025-11-26 05:59:14	2025-11-26 17:14:49
2025-11-29 13:00:00	2025-11-29 06:00:00	23.15	23.3	23.15	23.15	1012	68	804	Clouds	mây đen u ám	3.08	331	3.04	10000	1580240	2025-11-26 05:59:14	2025-11-26 17:14:49
2025-11-29 16:00:00	2025-11-29 09:00:00	21.56	21.78	21.56	21.56	1011	77	804	Clouds	mây đen u ám	2.43	325	4.1	10000	1580240	2025-11-26 05:59:14	2025-11-26 17:14:49
2025-11-29 19:00:00	2025-11-29 12:00:00	19.95	20.17	19.95	19.95	1014	83	804	Clouds	mây đen u ám	1.91	273	3.23	10000	1580240	2025-11-26 05:59:14	2025-11-26 17:14:49
2025-11-29 22:00:00	2025-11-29 15:00:00	19.34	19.52	19.34	19.34	1014	84	804	Clouds	mây đen u ám	1.85	268	2.6	10000	1580240	2025-11-26 05:59:14	2025-11-26 17:14:49
2025-11-30 01:00:00	2025-11-29 18:00:00	18.68	18.85	18.68	18.68	1013	86	804	Clouds	mây đen u ám	1.8	273	2.45	10000	1580240	2025-11-26 05:59:14	2025-11-26 17:14:49
2025-11-30 04:00:00	2025-11-29 21:00:00	17.69	17.89	17.69	17.69	1013	91	804	Clouds	mây đen u ám	1.73	261	2.13	10000	1580240	2025-11-26 05:59:14	2025-11-26 17:14:49
2025-11-30 07:00:00	2025-11-30 00:00:00	19.01	19.26	19.01	19.01	1014	88	804	Clouds	mây đen u ám	1.9	258	3.32	10000	1580240	2025-11-26 05:59:14	2025-11-26 17:14:49
2025-11-30 10:00:00	2025-11-30 03:00:00	21.14	21.5	21.14	21.14	1015	84	804	Clouds	mây đen u ám	1.9	286	2.94	10000	1580240	2025-11-26 05:59:14	2025-11-26 17:14:49
2025-11-30 13:00:00	2025-11-30 06:00:00	22.31	22.76	22.31	22.31	1013	83	804	Clouds	mây đen u ám	2.75	310	3.79	10000	1580240	2025-11-26 05:59:14	2025-11-26 17:14:49
2025-11-30 16:00:00	2025-11-30 09:00:00	22.02	22.6	22.02	22.02	1013	89	804	Clouds	mây đen u ám	3.12	311	6.13	10000	1580240	2025-11-26 05:59:14	2025-11-26 17:14:49
2025-11-30 19:00:00	2025-11-30 12:00:00	20.94	21.49	20.94	20.94	1015	92	500	Rain	mưa nhẹ	2.78	274	5.73	10000	1580240	2025-11-26 05:59:14	2025-11-26 17:14:49
2025-11-30 22:00:00	2025-11-30 15:00:00	20.72	21.25	20.72	20.72	1015	92	804	Clouds	mây đen u ám	3.32	262	6.56	10000	1580240	2025-11-26 05:59:14	2025-11-26 17:14:49
2025-12-01 01:00:00	2025-11-30 18:00:00	20.86	21.46	20.86	20.86	1015	94	500	Rain	mưa nhẹ	2.88	282	5.66	10000	1580240	2025-11-26 05:59:14	2025-11-26 17:14:49
2025-12-01 04:00:00	2025-11-30 21:00:00	20.78	21.42	20.78	20.78	1014	96	500	Rain	mưa nhẹ	2.7	287	5.56	10000	1580240	2025-11-26 05:59:14	2025-11-26 17:14:49
2025-12-01 07:00:00	2025-12-01 00:00:00	20.78	21.47	20.78	20.78	1015	98	501	Rain	mưa vừa	2.68	294	5.9	10000	1580240	2025-11-26 05:59:14	2025-11-26 17:14:49
2025-12-01 10:00:00	2025-12-01 03:00:00	21.01	21.67	21.01	21.01	1016	96	501	Rain	mưa vừa	5.08	319	9.77	10000	1580240	2025-11-26 05:59:14	2025-11-26 17:14:49
2025-11-26 13:00:00	2025-11-26 06:00:00	21.21	20.93	21.21	22.36	1020	59	802	Clouds	mây rải rác	3.97	37	4.26	10000	1562798	2025-11-26 06:10:39	2025-11-26 17:18:52
2025-11-26 16:00:00	2025-11-26 09:00:00	20.8	20.5	20.8	20.88	1019	60	801	Clouds	mây thưa	4.19	55	5.61	10000	1562798	2025-11-26 06:10:39	2025-11-26 17:18:52
2025-11-26 19:00:00	2025-11-26 12:00:00	18.29	17.85	18.29	18.29	1021	64	802	Clouds	mây rải rác	1.63	43	2.44	10000	1562798	2025-11-26 06:10:39	2025-11-26 17:18:52
2025-11-26 22:00:00	2025-11-26 15:00:00	17.22	16.83	17.22	17.22	1023	70	802	Clouds	mây rải rác	2.42	328	3.48	10000	1562798	2025-11-26 06:10:39	2025-11-26 17:18:52
2025-11-27 01:00:00	2025-11-26 18:00:00	15.11	14.74	15.11	15.11	1023	79	802	Clouds	mây rải rác	2.32	294	2.62	10000	1562798	2025-11-26 06:10:39	2025-11-26 17:18:52
2025-11-27 04:00:00	2025-11-26 21:00:00	14.59	14.17	14.59	14.59	1022	79	801	Clouds	mây thưa	3.03	301	4.01	10000	1562798	2025-11-26 06:10:39	2025-11-26 17:18:52
2025-11-27 07:00:00	2025-11-27 00:00:00	15.04	14.64	15.04	15.04	1024	78	802	Clouds	mây rải rác	2.04	326	4.26	10000	1562798	2025-11-26 06:10:39	2025-11-26 17:18:52
2025-11-27 10:00:00	2025-11-27 03:00:00	20.42	19.9	20.42	20.42	1025	53	804	Clouds	mây đen u ám	7.5	9	9.73	10000	1562798	2025-11-26 06:10:39	2025-11-26 17:18:52
2025-11-27 13:00:00	2025-11-27 06:00:00	21.17	20.62	21.17	21.17	1022	49	804	Clouds	mây đen u ám	8.01	24	9.64	10000	1562798	2025-11-26 06:10:39	2025-11-26 17:18:52
2025-11-27 16:00:00	2025-11-27 09:00:00	20.36	19.76	20.36	20.36	1020	50	804	Clouds	mây đen u ám	5.81	31	9.34	10000	1562798	2025-11-26 06:10:39	2025-11-26 17:18:52
2025-11-27 19:00:00	2025-11-27 12:00:00	18.04	17.28	18.04	18.04	1022	53	804	Clouds	mây đen u ám	2.53	26	4.53	10000	1562798	2025-11-26 06:10:39	2025-11-26 17:18:52
2025-11-27 22:00:00	2025-11-27 15:00:00	16.35	15.66	16.35	16.35	1022	62	804	Clouds	mây đen u ám	2.23	332	3.87	10000	1562798	2025-11-26 06:10:39	2025-11-26 17:18:52
2025-11-28 01:00:00	2025-11-27 18:00:00	13.68	12.85	13.68	13.68	1021	67	804	Clouds	mây đen u ám	2.93	296	3.34	10000	1562798	2025-11-26 06:10:39	2025-11-26 17:18:52
2025-11-28 04:00:00	2025-11-27 21:00:00	13.12	12.16	13.12	13.12	1020	64	804	Clouds	mây đen u ám	2.87	311	3.87	10000	1562798	2025-11-26 06:10:39	2025-11-26 17:18:52
2025-11-28 07:00:00	2025-11-28 00:00:00	12.89	12.04	12.89	12.89	1021	69	804	Clouds	mây đen u ám	2.22	291	2.97	10000	1562798	2025-11-26 06:10:39	2025-11-26 17:18:52
2025-11-28 10:00:00	2025-11-28 03:00:00	18.19	17.42	18.19	18.19	1021	52	804	Clouds	mây đen u ám	2.29	332	3.3	10000	1562798	2025-11-26 06:10:39	2025-11-26 17:18:52
2025-11-28 13:00:00	2025-11-28 06:00:00	20.53	19.84	20.53	20.53	1017	46	804	Clouds	mây đen u ám	2.71	24	3.73	10000	1562798	2025-11-26 06:10:39	2025-11-26 17:18:52
2025-11-28 16:00:00	2025-11-28 09:00:00	19.63	19.11	19.63	19.63	1016	56	804	Clouds	mây đen u ám	2.47	80	3.32	10000	1562798	2025-11-26 06:10:39	2025-11-26 17:18:52
2025-11-28 19:00:00	2025-11-28 12:00:00	16.45	15.67	16.45	16.45	1017	58	803	Clouds	mây cụm	1.15	142	1.46	10000	1562798	2025-11-26 06:10:39	2025-11-26 17:18:52
2025-11-28 22:00:00	2025-11-28 15:00:00	14.74	14.02	14.74	14.74	1018	67	803	Clouds	mây cụm	1.46	246	1.47	10000	1562798	2025-11-26 06:10:39	2025-11-26 17:18:52
2025-11-29 01:00:00	2025-11-28 18:00:00	13.95	13.28	13.95	13.95	1017	72	803	Clouds	mây cụm	2.06	285	2.33	10000	1562798	2025-11-26 06:10:39	2025-11-26 17:18:52
2025-11-29 04:00:00	2025-11-28 21:00:00	13.68	12.98	13.68	13.68	1016	72	804	Clouds	mây đen u ám	2.28	285	2.97	10000	1562798	2025-11-26 06:10:39	2025-11-26 17:18:52
2025-11-29 07:00:00	2025-11-29 00:00:00	13.67	13	13.67	13.67	1016	73	804	Clouds	mây đen u ám	2.24	284	3.11	10000	1562798	2025-11-26 06:10:39	2025-11-26 17:18:52
2025-11-29 10:00:00	2025-11-29 03:00:00	18.87	18.25	18.87	18.87	1017	55	802	Clouds	mây rải rác	1.83	301	1.48	10000	1562798	2025-11-26 06:10:39	2025-11-26 17:18:52
2025-11-29 13:00:00	2025-11-29 06:00:00	21.84	21.33	21.84	21.84	1013	48	802	Clouds	mây rải rác	1.91	13	1.46	10000	1562798	2025-11-26 06:10:39	2025-11-26 17:18:52
2025-11-29 16:00:00	2025-11-29 09:00:00	21.34	20.94	21.34	21.34	1012	54	803	Clouds	mây cụm	2.35	66	2.04	10000	1562798	2025-11-26 06:10:39	2025-11-26 17:18:52
2025-11-29 19:00:00	2025-11-29 12:00:00	17.9	17.55	17.9	17.9	1014	69	802	Clouds	mây rải rác	1.87	108	1.81	10000	1562798	2025-11-26 06:10:39	2025-11-26 17:18:52
2025-11-29 22:00:00	2025-11-29 15:00:00	16.94	16.6	16.94	16.94	1015	73	800	Clear	bầu trời quang đãng	0.93	228	0.83	10000	1562798	2025-11-26 06:10:39	2025-11-26 17:18:52
2025-11-30 01:00:00	2025-11-29 18:00:00	15.81	15.46	15.81	15.81	1014	77	801	Clouds	mây thưa	2.07	287	2.05	10000	1562798	2025-11-26 06:10:39	2025-11-26 17:18:52
2025-11-30 04:00:00	2025-11-29 21:00:00	14.87	14.45	14.87	14.87	1014	78	802	Clouds	mây rải rác	2.16	283	2.49	10000	1562798	2025-11-26 06:10:39	2025-11-26 17:18:52
2025-11-30 07:00:00	2025-11-30 00:00:00	15.11	14.71	15.11	15.11	1016	78	802	Clouds	mây rải rác	1.85	279	2.44	10000	1562798	2025-11-26 06:10:39	2025-11-26 17:18:52
2025-11-30 10:00:00	2025-11-30 03:00:00	20.16	19.9	20.16	20.16	1017	64	801	Clouds	mây thưa	2.67	314	2.61	10000	1562798	2025-11-26 06:10:39	2025-11-26 17:18:52
2025-11-30 13:00:00	2025-11-30 06:00:00	22.15	22.2	22.15	22.15	1015	68	803	Clouds	mây cụm	1.93	42	1.92	10000	1562798	2025-11-26 06:10:39	2025-11-26 17:18:52
2025-11-30 16:00:00	2025-11-30 09:00:00	20.51	20.76	20.51	20.51	1015	82	804	Clouds	mây đen u ám	2.74	60	4.05	10000	1562798	2025-11-26 06:10:39	2025-11-26 17:18:52
2025-11-30 19:00:00	2025-11-30 12:00:00	20.19	20.51	20.19	20.19	1016	86	804	Clouds	mây đen u ám	0.38	35	1.18	10000	1562798	2025-11-26 06:10:39	2025-11-26 17:18:52
2025-11-30 22:00:00	2025-11-30 15:00:00	19.99	20.34	19.99	19.99	1018	88	500	Rain	mưa nhẹ	0.84	278	0.95	10000	1562798	2025-11-26 06:10:39	2025-11-26 17:18:52
2025-12-01 01:00:00	2025-11-30 18:00:00	19.42	19.77	19.42	19.42	1017	90	804	Clouds	mây đen u ám	1.98	280	2.47	10000	1562798	2025-11-26 06:10:39	2025-11-26 17:18:52
2025-12-01 04:00:00	2025-11-30 21:00:00	19.47	19.74	19.47	19.47	1016	87	804	Clouds	mây đen u ám	2.02	313	3	10000	1562798	2025-11-26 06:10:39	2025-11-26 17:18:52
2025-12-01 07:00:00	2025-12-01 00:00:00	19.86	20.07	19.86	19.86	1017	83	804	Clouds	mây đen u ám	1.63	317	1.99	10000	1562798	2025-11-26 06:10:39	2025-11-26 17:18:52
2025-12-01 10:00:00	2025-12-01 03:00:00	22.99	22.99	22.99	22.99	1017	63	803	Clouds	mây cụm	2.1	1	2.93	10000	1562798	2025-11-26 06:10:39	2025-11-26 17:18:52
2025-11-26 13:00:00	2025-11-26 06:00:00	23.91	24.24	23.74	23.91	1017	72	500	Rain	mưa nhẹ	6.5	40	6.56	10000	1583992	2025-11-26 05:56:06	2025-11-26 17:12:59
2025-11-26 16:00:00	2025-11-26 09:00:00	23.67	23.95	23.51	23.67	1016	71	500	Rain	mưa nhẹ	6.31	32	6.46	10000	1583992	2025-11-26 05:56:06	2025-11-26 17:12:59
2025-11-26 19:00:00	2025-11-26 12:00:00	23.26	23.39	23.26	23.26	1018	67	500	Rain	mưa nhẹ	5.5	12	6.52	10000	1583992	2025-11-26 05:56:06	2025-11-26 17:12:59
2025-11-26 22:00:00	2025-11-26 15:00:00	21.93	22.14	21.93	21.93	1019	75	803	Clouds	mây cụm	6.06	324	6.72	10000	1583992	2025-11-26 05:56:06	2025-11-26 17:12:59
2025-11-27 01:00:00	2025-11-26 18:00:00	21.36	21.61	21.36	21.36	1018	79	804	Clouds	mây đen u ám	7.01	310	9.9	10000	1583992	2025-11-26 05:56:06	2025-11-26 17:12:59
2025-11-27 04:00:00	2025-11-26 21:00:00	21.82	21.99	21.82	21.82	1017	74	804	Clouds	mây đen u ám	9.53	325	12.15	10000	1583992	2025-11-26 05:56:06	2025-11-26 17:12:59
2025-11-27 07:00:00	2025-11-27 00:00:00	22.25	22.31	22.25	22.25	1019	68	804	Clouds	mây đen u ám	10.13	329	13.05	10000	1583992	2025-11-26 05:56:06	2025-11-26 17:12:59
2025-11-27 10:00:00	2025-11-27 03:00:00	22.61	22.65	22.61	22.61	1019	66	804	Clouds	mây đen u ám	10.47	335	12.33	10000	1583992	2025-11-26 05:56:06	2025-11-26 17:12:59
2025-11-27 13:00:00	2025-11-27 06:00:00	22.79	22.67	22.79	22.79	1017	59	804	Clouds	mây đen u ám	10.56	339	11.5	10000	1583992	2025-11-26 05:56:06	2025-11-26 17:12:59
2025-11-27 16:00:00	2025-11-27 09:00:00	21.99	21.79	21.99	21.99	1016	59	804	Clouds	mây đen u ám	8.37	325	10.11	10000	1583992	2025-11-26 05:56:06	2025-11-26 17:12:59
2025-11-27 19:00:00	2025-11-27 12:00:00	20.78	20.61	20.78	20.78	1019	65	804	Clouds	mây đen u ám	7.1	317	8.84	10000	1583992	2025-11-26 05:56:06	2025-11-26 17:12:59
2025-11-27 22:00:00	2025-11-27 15:00:00	20.49	20.29	20.49	20.49	1018	65	804	Clouds	mây đen u ám	5.8	310	7.27	10000	1583992	2025-11-26 05:56:06	2025-11-26 17:12:59
2025-11-28 01:00:00	2025-11-27 18:00:00	20.23	19.98	20.23	20.23	1017	64	804	Clouds	mây đen u ám	2.11	318	3.27	10000	1583992	2025-11-26 05:56:06	2025-11-26 17:12:59
2025-11-28 04:00:00	2025-11-27 21:00:00	18.9	18.75	18.9	18.9	1016	73	804	Clouds	mây đen u ám	4.27	278	4.42	10000	1583992	2025-11-26 05:56:06	2025-11-26 17:12:59
2025-11-28 07:00:00	2025-11-28 00:00:00	19.7	19.55	19.7	19.7	1017	70	804	Clouds	mây đen u ám	4.26	290	5.3	10000	1583992	2025-11-26 05:56:06	2025-11-26 17:12:59
2025-11-28 10:00:00	2025-11-28 03:00:00	21.93	21.77	21.93	21.93	1018	61	804	Clouds	mây đen u ám	4.26	316	5.53	10000	1583992	2025-11-26 05:56:06	2025-11-26 17:12:59
2025-11-28 13:00:00	2025-11-28 06:00:00	22.62	22.45	22.62	22.62	1014	58	804	Clouds	mây đen u ám	6.63	319	7.03	10000	1583992	2025-11-26 05:56:06	2025-11-26 17:12:59
2025-11-28 16:00:00	2025-11-28 09:00:00	21.42	21.24	21.42	21.42	1014	62	804	Clouds	mây đen u ám	6.44	323	7.36	10000	1583992	2025-11-26 05:56:06	2025-11-26 17:12:59
2025-11-28 19:00:00	2025-11-28 12:00:00	21.12	20.93	21.12	21.12	1015	63	804	Clouds	mây đen u ám	5.1	310	6.18	10000	1583992	2025-11-26 05:56:06	2025-11-26 17:12:59
2025-11-28 22:00:00	2025-11-28 15:00:00	20.68	20.5	20.68	20.68	1015	65	804	Clouds	mây đen u ám	4.08	299	5.13	10000	1583992	2025-11-26 05:56:06	2025-11-26 17:12:59
2025-11-29 01:00:00	2025-11-28 18:00:00	20.59	20.43	20.59	20.59	1014	66	804	Clouds	mây đen u ám	3.98	295	4.97	10000	1583992	2025-11-26 05:56:06	2025-11-26 17:12:59
2025-11-29 04:00:00	2025-11-28 21:00:00	20.4	20.32	20.4	20.4	1013	70	804	Clouds	mây đen u ám	4.39	299	5.68	10000	1583992	2025-11-26 05:56:06	2025-11-26 17:12:59
2025-11-29 07:00:00	2025-11-29 00:00:00	20.42	20.45	20.42	20.42	1014	74	804	Clouds	mây đen u ám	4.32	297	5.56	10000	1583992	2025-11-26 05:56:06	2025-11-26 17:12:59
2025-11-29 10:00:00	2025-11-29 03:00:00	21.92	22.02	21.92	21.92	1014	71	804	Clouds	mây đen u ám	4.31	308	4.92	10000	1583992	2025-11-26 05:56:06	2025-11-26 17:12:59
2025-11-29 13:00:00	2025-11-29 06:00:00	23.34	23.58	23.34	23.34	1011	71	804	Clouds	mây đen u ám	3.79	335	4.22	10000	1583992	2025-11-26 05:56:06	2025-11-26 17:12:59
2025-11-29 16:00:00	2025-11-29 09:00:00	22.45	22.79	22.45	22.45	1010	78	804	Clouds	mây đen u ám	4.95	321	5.25	10000	1583992	2025-11-26 05:56:06	2025-11-26 17:12:59
2025-11-29 19:00:00	2025-11-29 12:00:00	21.93	22.24	21.93	21.93	1012	79	804	Clouds	mây đen u ám	4.9	303	5.45	10000	1583992	2025-11-26 05:56:06	2025-11-26 17:12:59
2025-11-29 22:00:00	2025-11-29 15:00:00	21.7	22.01	21.7	21.7	1013	80	804	Clouds	mây đen u ám	3.99	295	4.66	10000	1583992	2025-11-26 05:56:06	2025-11-26 17:12:59
2025-11-30 01:00:00	2025-11-29 18:00:00	21.87	22.18	21.87	21.87	1012	79	804	Clouds	mây đen u ám	3.23	303	3.47	10000	1583992	2025-11-26 05:56:06	2025-11-26 17:12:59
2025-11-30 04:00:00	2025-11-29 21:00:00	22.03	22.35	22.03	22.03	1012	79	804	Clouds	mây đen u ám	3.26	314	3.47	10000	1583992	2025-11-26 05:56:06	2025-11-26 17:12:59
2025-11-30 07:00:00	2025-11-30 00:00:00	22.06	22.44	22.06	22.06	1013	81	804	Clouds	mây đen u ám	3.74	301	4.22	10000	1583992	2025-11-26 05:56:06	2025-11-26 17:12:59
2025-11-30 10:00:00	2025-11-30 03:00:00	24.6	25.07	24.6	24.6	1014	75	804	Clouds	mây đen u ám	3.13	330	4.94	10000	1583992	2025-11-26 05:56:06	2025-11-26 17:12:59
2025-11-30 13:00:00	2025-11-30 06:00:00	25.57	26.14	25.57	25.57	1012	75	804	Clouds	mây đen u ám	6.25	334	7.05	10000	1583992	2025-11-26 05:56:06	2025-11-26 17:12:59
2025-11-30 16:00:00	2025-11-30 09:00:00	24.5	25.09	24.5	24.5	1012	80	804	Clouds	mây đen u ám	7.46	329	8.41	10000	1583992	2025-11-26 05:56:06	2025-11-26 17:12:59
2025-11-30 19:00:00	2025-11-30 12:00:00	22.73	23.28	22.73	22.73	1014	85	804	Clouds	mây đen u ám	5.92	312	8.01	10000	1583992	2025-11-26 05:56:06	2025-11-26 17:12:59
2025-11-30 22:00:00	2025-11-30 15:00:00	22.6	23.19	22.6	22.6	1014	87	500	Rain	mưa nhẹ	4.5	296	6.25	10000	1583992	2025-11-26 05:56:06	2025-11-26 17:12:59
2025-12-01 01:00:00	2025-11-30 18:00:00	22.93	23.55	22.93	22.93	1013	87	500	Rain	mưa nhẹ	4.78	294	6.37	10000	1583992	2025-11-26 05:56:06	2025-11-26 17:12:59
2025-12-01 04:00:00	2025-11-30 21:00:00	22.63	23.32	22.63	22.63	1013	91	500	Rain	mưa nhẹ	4.16	311	5.81	10000	1583992	2025-11-26 05:56:06	2025-11-26 17:12:59
2025-12-01 07:00:00	2025-12-01 00:00:00	22.75	23.4	22.75	22.75	1014	89	500	Rain	mưa nhẹ	3.89	304	4.93	10000	1583992	2025-11-26 05:56:06	2025-11-26 17:12:59
2025-12-01 10:00:00	2025-12-01 03:00:00	23.01	23.69	23.01	23.01	1016	89	500	Rain	mưa nhẹ	2.96	312	3.19	10000	1583992	2025-11-26 05:56:06	2025-11-26 17:12:59
2025-11-26 13:00:00	2025-11-26 06:00:00	24.25	24.87	24.09	24.25	1014	82	500	Rain	mưa nhẹ	10.38	358	14.19	10000	1568574	2025-11-26 05:48:18	2025-11-26 17:12:40
2025-11-26 16:00:00	2025-11-26 09:00:00	23.79	24.39	23.52	23.79	1013	83	500	Rain	mưa nhẹ	10.09	357	14.36	10000	1568574	2025-11-26 05:48:18	2025-11-26 17:12:40
2025-11-26 19:00:00	2025-11-26 12:00:00	22.87	23.35	22.87	22.87	1014	82	500	Rain	mưa nhẹ	8.53	348	13.49	10000	1568574	2025-11-26 05:48:18	2025-11-26 17:12:40
2025-11-26 22:00:00	2025-11-26 15:00:00	22.15	22.67	22.15	22.15	1015	86	500	Rain	mưa nhẹ	7.23	340	12.54	10000	1568574	2025-11-26 05:48:18	2025-11-26 17:12:40
2025-11-27 01:00:00	2025-11-26 18:00:00	22.31	22.87	22.31	22.31	1014	87	500	Rain	mưa nhẹ	8.82	355	14.2	10000	1568574	2025-11-26 05:48:18	2025-11-26 17:12:40
2025-11-27 04:00:00	2025-11-26 21:00:00	22	22.58	22	22	1013	89	500	Rain	mưa nhẹ	9.18	346	15.72	10000	1568574	2025-11-26 05:48:18	2025-11-26 17:12:40
2025-11-27 07:00:00	2025-11-27 00:00:00	21.92	22.39	21.92	21.92	1015	85	500	Rain	mưa nhẹ	10.47	359	16.74	10000	1568574	2025-11-26 05:48:18	2025-11-26 17:12:40
2025-11-27 10:00:00	2025-11-27 03:00:00	20.87	21.21	20.87	20.87	1016	84	500	Rain	mưa nhẹ	9.51	344	17.19	10000	1568574	2025-11-26 05:48:18	2025-11-26 17:12:40
2025-11-27 13:00:00	2025-11-27 06:00:00	22.22	22.48	22.22	22.22	1013	76	500	Rain	mưa nhẹ	12.2	357	18.2	10000	1568574	2025-11-26 05:48:18	2025-11-26 17:12:40
2025-11-27 16:00:00	2025-11-27 09:00:00	21.62	21.67	21.62	21.62	1013	70	804	Clouds	mây đen u ám	11.55	347	18.22	10000	1568574	2025-11-26 05:48:18	2025-11-26 17:12:40
2025-11-27 19:00:00	2025-11-27 12:00:00	21.61	21.52	21.61	21.61	1015	65	804	Clouds	mây đen u ám	10.92	350	17.2	10000	1568574	2025-11-26 05:48:18	2025-11-26 17:12:40
2025-11-27 22:00:00	2025-11-27 15:00:00	21.45	21.35	21.45	21.45	1015	65	804	Clouds	mây đen u ám	10.03	347	16.53	10000	1568574	2025-11-26 05:48:18	2025-11-26 17:12:40
2025-11-28 01:00:00	2025-11-27 18:00:00	21.01	20.94	21.01	21.01	1013	68	804	Clouds	mây đen u ám	8.98	338	15.43	10000	1568574	2025-11-26 05:48:18	2025-11-26 17:12:40
2025-11-28 04:00:00	2025-11-27 21:00:00	20.34	20.23	20.34	20.34	1013	69	500	Rain	mưa nhẹ	8.31	331	15.01	10000	1568574	2025-11-26 05:48:18	2025-11-26 17:12:40
2025-11-28 07:00:00	2025-11-28 00:00:00	20.58	20.52	20.58	20.58	1014	70	804	Clouds	mây đen u ám	9.59	343	15.36	10000	1568574	2025-11-26 05:48:18	2025-11-26 17:12:40
2025-11-28 10:00:00	2025-11-28 03:00:00	21.81	21.95	21.81	21.81	1014	73	804	Clouds	mây đen u ám	9.33	336	15.32	10000	1568574	2025-11-26 05:48:18	2025-11-26 17:12:40
2025-11-28 13:00:00	2025-11-28 06:00:00	22.65	22.8	22.65	22.65	1012	70	804	Clouds	mây đen u ám	9.33	344	13.38	10000	1568574	2025-11-26 05:48:18	2025-11-26 17:12:40
2025-11-28 16:00:00	2025-11-28 09:00:00	20.89	20.99	20.89	20.89	1011	75	804	Clouds	mây đen u ám	6.74	331	11.3	10000	1568574	2025-11-26 05:48:18	2025-11-26 17:12:40
2025-11-28 19:00:00	2025-11-28 12:00:00	20.32	20.34	20.32	20.32	1012	74	804	Clouds	mây đen u ám	6.5	334	10.94	10000	1568574	2025-11-26 05:48:18	2025-11-26 17:12:40
2025-11-28 22:00:00	2025-11-28 15:00:00	20.2	20.23	20.2	20.2	1012	75	804	Clouds	mây đen u ám	5.34	326	9.34	10000	1568574	2025-11-26 05:48:18	2025-11-26 17:12:40
2025-11-29 01:00:00	2025-11-28 18:00:00	19.99	20.03	19.99	19.99	1011	76	804	Clouds	mây đen u ám	3.86	324	6.29	10000	1568574	2025-11-26 05:48:18	2025-11-26 17:12:40
2025-11-29 04:00:00	2025-11-28 21:00:00	20.57	20.64	20.57	20.57	1010	75	804	Clouds	mây đen u ám	3.37	328	5.28	10000	1568574	2025-11-26 05:48:18	2025-11-26 17:12:40
2025-11-29 07:00:00	2025-11-29 00:00:00	21.32	21.52	21.32	21.32	1012	77	804	Clouds	mây đen u ám	4.26	326	5.8	10000	1568574	2025-11-26 05:48:18	2025-11-26 17:12:40
2025-11-29 10:00:00	2025-11-29 03:00:00	24.67	25.07	24.67	24.67	1011	72	804	Clouds	mây đen u ám	4.15	343	8.16	10000	1568574	2025-11-26 05:48:18	2025-11-26 17:12:40
2025-11-29 13:00:00	2025-11-29 06:00:00	26.1	26.1	26.1	26.1	1009	72	804	Clouds	mây đen u ám	5.21	347	8.16	10000	1568574	2025-11-26 05:48:18	2025-11-26 17:12:40
2025-11-29 16:00:00	2025-11-29 09:00:00	25.61	26.26	25.61	25.61	1008	78	804	Clouds	mây đen u ám	4.71	360	8.44	10000	1568574	2025-11-26 05:48:18	2025-11-26 17:12:40
2025-11-29 19:00:00	2025-11-29 12:00:00	23.8	24.38	23.8	23.8	1011	82	804	Clouds	mây đen u ám	4.85	354	7.09	10000	1568574	2025-11-26 05:48:18	2025-11-26 17:12:40
2025-11-29 22:00:00	2025-11-29 15:00:00	23	23.55	23	23	1011	84	804	Clouds	mây đen u ám	3.25	317	4.95	10000	1568574	2025-11-26 05:48:18	2025-11-26 17:12:40
2025-11-30 01:00:00	2025-11-29 18:00:00	22.57	23.13	22.57	22.57	1010	86	804	Clouds	mây đen u ám	2.5	299	2.85	10000	1568574	2025-11-26 05:48:18	2025-11-26 17:12:40
2025-11-30 04:00:00	2025-11-29 21:00:00	22.72	23.27	22.72	22.72	1010	85	804	Clouds	mây đen u ám	1.91	302	2.02	10000	1568574	2025-11-26 05:48:18	2025-11-26 17:12:40
2025-11-30 07:00:00	2025-11-30 00:00:00	23.5	24.05	23.5	23.5	1012	82	804	Clouds	mây đen u ám	2.14	307	2.73	10000	1568574	2025-11-26 05:48:18	2025-11-26 17:12:40
2025-11-30 10:00:00	2025-11-30 03:00:00	26.31	26.31	26.31	26.31	1013	75	804	Clouds	mây đen u ám	3.37	360	4.44	10000	1568574	2025-11-26 05:48:18	2025-11-26 17:12:40
2025-11-30 13:00:00	2025-11-30 06:00:00	27.13	29.73	27.13	27.13	1010	77	804	Clouds	mây đen u ám	5.6	7	6.66	10000	1568574	2025-11-26 05:48:18	2025-11-26 17:12:40
2025-11-30 16:00:00	2025-11-30 09:00:00	26.06	26.06	26.06	26.06	1010	84	803	Clouds	mây cụm	6.14	2	9.25	10000	1568574	2025-11-26 05:48:18	2025-11-26 17:12:40
2025-11-30 19:00:00	2025-11-30 12:00:00	23.99	24.77	23.99	23.99	1012	89	500	Rain	mưa nhẹ	5.15	344	9.07	10000	1568574	2025-11-26 05:48:18	2025-11-26 17:12:40
2025-11-30 22:00:00	2025-11-30 15:00:00	23.33	24.04	23.33	23.33	1013	89	804	Clouds	mây đen u ám	3.78	320	7.04	10000	1568574	2025-11-26 05:48:18	2025-11-26 17:12:40
2025-12-01 01:00:00	2025-11-30 18:00:00	23.31	24.02	23.31	23.31	1011	89	804	Clouds	mây đen u ám	3.95	333	6.58	10000	1568574	2025-11-26 05:48:18	2025-11-26 17:12:40
2025-12-01 04:00:00	2025-11-30 21:00:00	23.29	24	23.29	23.29	1011	89	804	Clouds	mây đen u ám	4.61	331	7.8	10000	1568574	2025-11-26 05:48:18	2025-11-26 17:12:40
2025-12-01 07:00:00	2025-12-01 00:00:00	23.38	24.12	23.38	23.38	1013	90	500	Rain	mưa nhẹ	4.76	338	8.9	10000	1568574	2025-11-26 05:48:18	2025-11-26 17:12:40
2025-12-01 10:00:00	2025-12-01 03:00:00	24.25	25.05	24.25	24.25	1013	89	500	Rain	mưa nhẹ	5.54	332	11.03	10000	1568574	2025-11-26 05:48:18	2025-11-26 17:12:40
2025-11-26 13:00:00	2025-11-26 06:00:00	28.61	30.96	27.82	28.61	1012	64	500	Rain	mưa nhẹ	7.08	4	10.98	10000	1572151	2025-11-26 05:46:05	2025-11-26 17:15:18
2025-11-26 16:00:00	2025-11-26 09:00:00	27.57	30.08	26.86	27.57	1011	72	500	Rain	mưa nhẹ	6.73	4	10.01	10000	1572151	2025-11-26 05:46:05	2025-11-26 17:15:18
2025-11-26 19:00:00	2025-11-26 12:00:00	25.01	25.76	25.01	25.01	1013	84	804	Clouds	mây đen u ám	5	348	7.81	10000	1572151	2025-11-26 05:46:05	2025-11-26 17:15:18
2025-11-26 22:00:00	2025-11-26 15:00:00	25.1	25.83	25.1	25.1	1014	83	804	Clouds	mây đen u ám	3.48	317	7.3	10000	1572151	2025-11-26 05:46:05	2025-11-26 17:15:18
2025-11-27 01:00:00	2025-11-26 18:00:00	23.7	24.21	23.7	23.7	1012	80	804	Clouds	mây đen u ám	4.06	327	8.27	10000	1572151	2025-11-26 05:46:05	2025-11-26 17:15:18
2025-11-27 04:00:00	2025-11-26 21:00:00	22.3	22.65	22.3	22.3	1011	79	804	Clouds	mây đen u ám	3.53	329	7.91	10000	1572151	2025-11-26 05:46:05	2025-11-26 17:15:18
2025-11-27 07:00:00	2025-11-27 00:00:00	22.57	23	22.57	22.57	1012	81	804	Clouds	mây đen u ám	4.38	318	8.18	10000	1572151	2025-11-26 05:46:05	2025-11-26 17:15:18
2025-11-27 10:00:00	2025-11-27 03:00:00	23.93	24.31	23.93	23.93	1014	74	500	Rain	mưa nhẹ	6.04	346	11.22	10000	1572151	2025-11-26 05:46:05	2025-11-26 17:15:18
2025-11-27 13:00:00	2025-11-27 06:00:00	23.82	24.11	23.82	23.82	1012	71	500	Rain	mưa nhẹ	6.15	348	12.61	10000	1572151	2025-11-26 05:46:05	2025-11-26 17:15:18
2025-11-27 16:00:00	2025-11-27 09:00:00	22.33	22.45	22.33	22.33	1011	70	804	Clouds	mây đen u ám	5.62	331	9.49	10000	1572151	2025-11-26 05:46:05	2025-11-26 17:15:18
2025-11-27 19:00:00	2025-11-27 12:00:00	20.81	20.83	20.81	20.81	1014	72	804	Clouds	mây đen u ám	5.1	339	8.99	10000	1572151	2025-11-26 05:46:05	2025-11-26 17:15:18
2025-11-27 22:00:00	2025-11-27 15:00:00	19.64	19.51	19.64	19.64	1014	71	804	Clouds	mây đen u ám	4.33	317	8.49	10000	1572151	2025-11-26 05:46:05	2025-11-26 17:15:18
2025-11-28 01:00:00	2025-11-27 18:00:00	18.85	18.7	18.85	18.85	1012	73	804	Clouds	mây đen u ám	4.69	310	8.8	10000	1572151	2025-11-26 05:46:05	2025-11-26 17:15:18
2025-11-28 04:00:00	2025-11-27 21:00:00	18.71	18.59	18.71	18.71	1011	75	804	Clouds	mây đen u ám	4.03	317	7.02	10000	1572151	2025-11-26 05:46:05	2025-11-26 17:15:18
2025-11-28 07:00:00	2025-11-28 00:00:00	19.8	19.85	19.8	19.8	1012	77	804	Clouds	mây đen u ám	3.85	324	6.73	10000	1572151	2025-11-26 05:46:05	2025-11-26 17:15:18
2025-11-28 10:00:00	2025-11-28 03:00:00	24.02	24.1	24.02	24.02	1012	62	804	Clouds	mây đen u ám	4.01	328	7.11	10000	1572151	2025-11-26 05:46:05	2025-11-26 17:15:18
2025-11-28 13:00:00	2025-11-28 06:00:00	25.78	26.06	25.78	25.78	1009	63	804	Clouds	mây đen u ám	4.13	350	6.99	10000	1572151	2025-11-26 05:46:05	2025-11-26 17:15:18
2025-11-28 16:00:00	2025-11-28 09:00:00	22.24	22.58	22.24	22.24	1009	79	500	Rain	mưa nhẹ	3.66	342	4.22	10000	1572151	2025-11-26 05:46:05	2025-11-26 17:15:18
2025-11-28 19:00:00	2025-11-28 12:00:00	21.76	22.08	21.76	21.76	1011	80	500	Rain	mưa nhẹ	3.04	315	3.17	10000	1572151	2025-11-26 05:46:05	2025-11-26 17:15:18
2025-11-28 22:00:00	2025-11-28 15:00:00	22.06	22.36	22.06	22.06	1011	78	804	Clouds	mây đen u ám	2.74	303	2.74	10000	1572151	2025-11-26 05:46:05	2025-11-26 17:15:18
2025-11-29 01:00:00	2025-11-28 18:00:00	22.04	22.34	22.04	22.04	1009	78	804	Clouds	mây đen u ám	2.54	296	2.62	10000	1572151	2025-11-26 05:46:05	2025-11-26 17:15:18
2025-11-29 04:00:00	2025-11-28 21:00:00	22.31	22.61	22.31	22.31	1009	77	804	Clouds	mây đen u ám	2.6	300	2.51	10000	1572151	2025-11-26 05:46:05	2025-11-26 17:15:18
2025-11-29 07:00:00	2025-11-29 00:00:00	22.87	23.28	22.87	22.87	1011	79	804	Clouds	mây đen u ám	2.23	314	2.55	10000	1572151	2025-11-26 05:46:05	2025-11-26 17:15:18
2025-11-29 10:00:00	2025-11-29 03:00:00	27.66	29.36	27.66	27.66	1010	64	804	Clouds	mây đen u ám	1.3	318	2.6	10000	1572151	2025-11-26 05:46:05	2025-11-26 17:15:18
2025-11-29 13:00:00	2025-11-29 06:00:00	28.68	31.24	28.68	28.68	1007	65	803	Clouds	mây cụm	2.47	73	2.21	10000	1572151	2025-11-26 05:46:05	2025-11-26 17:15:18
2025-11-29 16:00:00	2025-11-29 09:00:00	26.34	26.34	26.34	26.34	1007	84	500	Rain	mưa nhẹ	1.91	52	2.42	10000	1572151	2025-11-26 05:46:05	2025-11-26 17:15:18
2025-11-29 19:00:00	2025-11-29 12:00:00	24.21	25.01	24.21	24.21	1010	89	500	Rain	mưa nhẹ	1.22	15	1.81	10000	1572151	2025-11-26 05:46:05	2025-11-26 17:15:18
2025-11-29 22:00:00	2025-11-29 15:00:00	23.41	24.18	23.41	23.41	1011	91	500	Rain	mưa nhẹ	1.38	264	1.05	10000	1572151	2025-11-26 05:46:05	2025-11-26 17:15:18
2025-11-30 01:00:00	2025-11-29 18:00:00	22.91	23.68	22.91	22.91	1010	93	804	Clouds	mây đen u ám	1.38	270	1.35	10000	1572151	2025-11-26 05:46:05	2025-11-26 17:15:18
2025-11-30 04:00:00	2025-11-29 21:00:00	22.33	23.02	22.33	22.33	1009	92	804	Clouds	mây đen u ám	2.14	290	2.29	10000	1572151	2025-11-26 05:46:05	2025-11-26 17:15:18
2025-11-30 07:00:00	2025-11-30 00:00:00	23.12	23.79	23.12	23.12	1011	88	804	Clouds	mây đen u ám	1.8	276	1.96	10000	1572151	2025-11-26 05:46:05	2025-11-26 17:15:18
2025-11-30 10:00:00	2025-11-30 03:00:00	26.92	28.96	26.92	26.92	1012	73	804	Clouds	mây đen u ám	1.88	87	1.83	10000	1572151	2025-11-26 05:46:05	2025-11-26 17:15:18
2025-11-30 13:00:00	2025-11-30 06:00:00	27.43	30.03	27.43	27.43	1009	74	804	Clouds	mây đen u ám	2.95	103	2.49	10000	1572151	2025-11-26 05:46:05	2025-11-26 17:15:18
2025-11-30 16:00:00	2025-11-30 09:00:00	26.01	26.01	26.01	26.01	1009	83	500	Rain	mưa nhẹ	1.94	119	1.74	10000	1572151	2025-11-26 05:46:05	2025-11-26 17:15:18
2025-11-30 19:00:00	2025-11-30 12:00:00	24.34	25.18	24.34	24.34	1011	90	500	Rain	mưa nhẹ	0.94	60	1.39	10000	1572151	2025-11-26 05:46:05	2025-11-26 17:15:18
2025-11-30 22:00:00	2025-11-30 15:00:00	23.39	24.21	23.39	23.39	1012	93	500	Rain	mưa nhẹ	1.98	276	1.39	10000	1572151	2025-11-26 05:46:05	2025-11-26 17:15:18
2025-12-01 01:00:00	2025-11-30 18:00:00	22.9	23.7	22.9	22.9	1011	94	500	Rain	mưa nhẹ	1.89	286	1.28	10000	1572151	2025-11-26 05:46:05	2025-11-26 17:15:18
2025-12-01 04:00:00	2025-11-30 21:00:00	22.88	23.63	22.88	22.88	1010	92	804	Clouds	mây đen u ám	1.93	290	1.42	10000	1572151	2025-11-26 05:46:05	2025-11-26 17:15:18
2025-12-01 07:00:00	2025-12-01 00:00:00	23.62	24.36	23.62	23.62	1011	89	804	Clouds	mây đen u ám	2.51	302	2.71	10000	1572151	2025-11-26 05:46:05	2025-11-26 17:15:18
2025-12-01 10:00:00	2025-12-01 03:00:00	24.75	25.58	24.75	24.75	1012	88	804	Clouds	mây đen u ám	2.36	328	3.09	10000	1572151	2025-11-26 05:46:05	2025-11-26 17:15:18
2025-11-26 13:00:00	2025-11-26 06:00:00	19.8	19.4	19.8	21.17	1012	60	804	Clouds	mây đen u ám	2.46	33	3.38	10000	1584071	2025-11-26 05:48:34	2025-11-26 17:18:45
2025-11-26 16:00:00	2025-11-26 09:00:00	18.92	18.67	18.82	18.92	1012	69	804	Clouds	mây đen u ám	2.48	23	3.94	10000	1584071	2025-11-26 05:48:34	2025-11-26 17:18:45
2025-11-26 19:00:00	2025-11-26 12:00:00	14.32	14.37	14.32	14.32	1015	98	803	Clouds	mây cụm	1.59	18	3.58	6822	1584071	2025-11-26 05:48:34	2025-11-26 17:18:45
2025-11-26 22:00:00	2025-11-26 15:00:00	14.17	14.18	14.17	14.17	1016	97	804	Clouds	mây đen u ám	1.95	20	4.76	10000	1584071	2025-11-26 05:48:34	2025-11-26 17:18:45
2025-11-27 01:00:00	2025-11-26 18:00:00	13.61	13.53	13.61	13.61	1015	96	804	Clouds	mây đen u ám	2.25	19	7.8	10000	1584071	2025-11-26 05:48:34	2025-11-26 17:18:45
2025-11-27 04:00:00	2025-11-26 21:00:00	13.15	12.98	13.15	13.15	1014	94	804	Clouds	mây đen u ám	2.76	21	9.08	10000	1584071	2025-11-26 05:48:34	2025-11-26 17:18:45
2025-11-27 07:00:00	2025-11-27 00:00:00	14.35	14.27	14.35	14.35	1015	93	804	Clouds	mây đen u ám	2.25	15	8.39	5641	1584071	2025-11-26 05:48:34	2025-11-26 17:18:45
2025-11-27 10:00:00	2025-11-27 03:00:00	14.78	14.61	14.78	14.78	1015	88	804	Clouds	mây đen u ám	2.4	10	6.98	6280	1584071	2025-11-26 05:48:34	2025-11-26 17:18:45
2025-11-27 13:00:00	2025-11-27 06:00:00	16.08	15.75	16.08	16.08	1012	77	804	Clouds	mây đen u ám	2.65	13	5.37	10000	1584071	2025-11-26 05:48:34	2025-11-26 17:18:45
2025-11-27 16:00:00	2025-11-27 09:00:00	13.71	13.23	13.71	13.71	1012	80	804	Clouds	mây đen u ám	1.87	12	5.12	10000	1584071	2025-11-26 05:48:34	2025-11-26 17:18:45
2025-11-27 19:00:00	2025-11-27 12:00:00	11.11	10.42	11.11	11.11	1015	82	804	Clouds	mây đen u ám	1.82	22	4.48	10000	1584071	2025-11-26 05:48:34	2025-11-26 17:18:45
2025-11-27 22:00:00	2025-11-27 15:00:00	11.3	10.37	11.3	11.3	1015	72	804	Clouds	mây đen u ám	1.95	14	3.57	10000	1584071	2025-11-26 05:48:34	2025-11-26 17:18:45
2025-11-28 01:00:00	2025-11-27 18:00:00	10.93	10.17	10.93	10.93	1014	80	804	Clouds	mây đen u ám	1.88	15	3.65	10000	1584071	2025-11-26 05:48:34	2025-11-26 17:18:45
2025-11-28 04:00:00	2025-11-27 21:00:00	12.02	11.58	12.02	12.02	1013	88	804	Clouds	mây đen u ám	1.61	11	2.63	10000	1584071	2025-11-26 05:48:34	2025-11-26 17:18:45
2025-11-28 07:00:00	2025-11-28 00:00:00	15.04	14.79	15.04	15.04	1013	84	804	Clouds	mây đen u ám	1.11	20	2	10000	1584071	2025-11-26 05:48:34	2025-11-26 17:18:45
2025-11-28 10:00:00	2025-11-28 03:00:00	22.25	22.15	22.25	22.25	1012	62	804	Clouds	mây đen u ám	0.56	303	1.07	10000	1584071	2025-11-26 05:48:34	2025-11-26 17:18:45
2025-11-28 13:00:00	2025-11-28 06:00:00	20.44	20.42	20.44	20.44	1010	72	804	Clouds	mây đen u ám	0.84	3	1.28	10000	1584071	2025-11-26 05:48:34	2025-11-26 17:18:45
2025-11-28 16:00:00	2025-11-28 09:00:00	18.38	18.44	18.38	18.38	1010	83	804	Clouds	mây đen u ám	0.93	335	1.56	10000	1584071	2025-11-26 05:48:34	2025-11-26 17:18:45
2025-11-28 19:00:00	2025-11-28 12:00:00	15.78	15.79	15.78	15.78	1013	91	804	Clouds	mây đen u ám	0.91	357	1.36	10000	1584071	2025-11-26 05:48:34	2025-11-26 17:18:45
2025-11-28 22:00:00	2025-11-28 15:00:00	14.74	14.72	14.74	14.74	1014	94	804	Clouds	mây đen u ám	0.9	1	1.22	10000	1584071	2025-11-26 05:48:34	2025-11-26 17:18:45
2025-11-29 01:00:00	2025-11-28 18:00:00	14.02	14.01	14.02	14.02	1012	97	804	Clouds	mây đen u ám	1.07	1	1.22	10000	1584071	2025-11-26 05:48:34	2025-11-26 17:18:45
2025-11-29 04:00:00	2025-11-28 21:00:00	14.04	14.06	14.04	14.04	1012	98	803	Clouds	mây cụm	1.31	26	1.76	10000	1584071	2025-11-26 05:48:34	2025-11-26 17:18:45
2025-11-29 07:00:00	2025-11-29 00:00:00	16.6	16.64	16.6	16.6	1013	89	803	Clouds	mây cụm	1.43	32	2.99	10000	1584071	2025-11-26 05:48:34	2025-11-26 17:18:45
2025-11-29 10:00:00	2025-11-29 03:00:00	23.57	23.58	23.57	23.57	1012	61	804	Clouds	mây đen u ám	0.21	298	1.45	10000	1584071	2025-11-26 05:48:34	2025-11-26 17:18:45
2025-11-29 13:00:00	2025-11-29 06:00:00	20.2	20.63	20.2	20.2	1010	90	500	Rain	mưa nhẹ	0.5	244	0.85	9961	1584071	2025-11-26 05:48:34	2025-11-26 17:18:45
2025-11-29 16:00:00	2025-11-29 09:00:00	19.25	19.68	19.25	19.25	1010	94	501	Rain	mưa vừa	0.6	286	1.29	10000	1584071	2025-11-26 05:48:34	2025-11-26 17:18:45
2025-11-29 19:00:00	2025-11-29 12:00:00	15.86	16.06	15.86	15.86	1013	98	500	Rain	mưa nhẹ	0.66	34	0.61	10000	1584071	2025-11-26 05:48:34	2025-11-26 17:18:45
2025-11-29 22:00:00	2025-11-29 15:00:00	15.52	15.69	15.52	15.52	1014	98	804	Clouds	mây đen u ám	0.47	314	0.44	10000	1584071	2025-11-26 05:48:34	2025-11-26 17:18:45
2025-11-30 01:00:00	2025-11-29 18:00:00	15.09	15.21	15.09	15.09	1014	98	804	Clouds	mây đen u ám	0.91	336	0.73	10000	1584071	2025-11-26 05:48:34	2025-11-26 17:18:45
2025-11-30 04:00:00	2025-11-29 21:00:00	14.19	14.22	14.19	14.19	1013	98	804	Clouds	mây đen u ám	1.25	355	1.1	10000	1584071	2025-11-26 05:48:34	2025-11-26 17:18:45
2025-11-30 07:00:00	2025-11-30 00:00:00	15.85	16	15.85	15.85	1014	96	804	Clouds	mây đen u ám	0.98	9	1.41	10000	1584071	2025-11-26 05:48:34	2025-11-26 17:18:45
2025-11-30 10:00:00	2025-11-30 03:00:00	23.13	23.07	23.13	23.13	1014	60	804	Clouds	mây đen u ám	1.03	330	1.47	10000	1584071	2025-11-26 05:48:34	2025-11-26 17:18:45
2025-11-30 13:00:00	2025-11-30 06:00:00	22.17	22.27	22.17	22.17	1011	70	500	Rain	mưa nhẹ	1.3	288	2.11	10000	1584071	2025-11-26 05:48:34	2025-11-26 17:18:45
2025-11-30 16:00:00	2025-11-30 09:00:00	21.12	21.27	21.12	21.12	1011	76	500	Rain	mưa nhẹ	1.05	317	2.79	10000	1584071	2025-11-26 05:48:34	2025-11-26 17:18:45
2025-11-30 19:00:00	2025-11-30 12:00:00	15.71	15.9	15.71	15.71	1015	98	500	Rain	mưa nhẹ	1	42	1.09	10000	1584071	2025-11-26 05:48:34	2025-11-26 17:18:45
2025-11-30 22:00:00	2025-11-30 15:00:00	15.25	15.39	15.25	15.25	1016	98	804	Clouds	mây đen u ám	0.73	359	0.85	10000	1584071	2025-11-26 05:48:34	2025-11-26 17:18:45
2025-12-01 01:00:00	2025-11-30 18:00:00	14.53	14.6	14.53	14.53	1014	98	803	Clouds	mây cụm	0.84	357	0.84	10000	1584071	2025-11-26 05:48:34	2025-11-26 17:18:45
2025-12-01 04:00:00	2025-11-30 21:00:00	14.27	14.34	14.27	14.27	1014	99	803	Clouds	mây cụm	1.27	7	1.69	7730	1584071	2025-11-26 05:48:34	2025-11-26 17:18:45
2025-12-01 07:00:00	2025-12-01 00:00:00	16.23	16.42	16.23	16.23	1015	96	803	Clouds	mây cụm	1.22	11	3.07	10000	1584071	2025-11-26 05:48:34	2025-11-26 17:18:45
2025-12-01 10:00:00	2025-12-01 03:00:00	19.1	19.13	19.1	19.1	1015	79	804	Clouds	mây đen u ám	1.73	11	4.64	10000	1584071	2025-11-26 05:48:34	2025-11-26 17:18:45
2025-11-26 13:00:00	2025-11-26 06:00:00	30.09	33.42	30.09	30.18	1009	62	802	Clouds	mây rải rác	2.53	315	2.73	10000	1566083	2025-11-26 05:53:46	2025-11-26 17:27:44
2025-11-26 16:00:00	2025-11-26 09:00:00	31.51	36.23	31.51	32.24	1008	61	803	Clouds	mây cụm	3.06	313	4.46	10000	1566083	2025-11-26 05:53:46	2025-11-26 17:27:44
2025-11-26 19:00:00	2025-11-26 12:00:00	28.04	31.3	28.04	28.04	1010	74	803	Clouds	mây cụm	2.6	311	4.95	10000	1566083	2025-11-26 05:53:46	2025-11-26 17:27:44
2025-11-26 22:00:00	2025-11-26 15:00:00	26.92	29.05	26.92	26.92	1012	74	803	Clouds	mây cụm	3.31	1	8.9	10000	1566083	2025-11-26 05:53:46	2025-11-26 17:27:44
2025-11-27 01:00:00	2025-11-26 18:00:00	23.58	23.98	23.58	23.58	1010	76	803	Clouds	mây cụm	3.37	355	7.8	10000	1566083	2025-11-26 05:53:46	2025-11-26 17:27:44
2025-11-27 04:00:00	2025-11-26 21:00:00	21.21	21.4	21.21	21.21	1009	77	804	Clouds	mây đen u ám	3.35	352	8.33	10000	1566083	2025-11-26 05:53:46	2025-11-26 17:27:44
2025-11-27 07:00:00	2025-11-27 00:00:00	21.55	21.75	21.55	21.55	1011	76	804	Clouds	mây đen u ám	4.2	359	10.38	10000	1566083	2025-11-26 05:53:46	2025-11-26 17:27:44
2025-11-27 10:00:00	2025-11-27 03:00:00	26.3	26.3	26.3	26.3	1012	63	804	Clouds	mây đen u ám	4.88	12	5.65	10000	1566083	2025-11-26 05:53:46	2025-11-26 17:27:44
2025-11-27 13:00:00	2025-11-27 06:00:00	29.34	30.82	29.34	29.34	1008	55	804	Clouds	mây đen u ám	3.64	7	3.81	10000	1566083	2025-11-26 05:53:46	2025-11-26 17:27:44
2025-11-27 16:00:00	2025-11-27 09:00:00	27.66	29.16	27.66	27.66	1008	62	804	Clouds	mây đen u ám	4.8	2	7.18	10000	1566083	2025-11-26 05:53:46	2025-11-26 17:27:44
2025-11-27 19:00:00	2025-11-27 12:00:00	23.75	24.03	23.75	23.75	1010	71	804	Clouds	mây đen u ám	3.77	349	8.94	10000	1566083	2025-11-26 05:53:46	2025-11-26 17:27:44
2025-11-27 22:00:00	2025-11-27 15:00:00	21.97	21.97	21.97	21.97	1011	67	804	Clouds	mây đen u ám	3.66	353	8.08	10000	1566083	2025-11-26 05:53:46	2025-11-26 17:27:44
2025-11-28 01:00:00	2025-11-27 18:00:00	20.95	20.82	20.95	20.95	1010	66	804	Clouds	mây đen u ám	4.26	360	10.77	10000	1566083	2025-11-26 05:53:46	2025-11-26 17:27:44
2025-11-28 04:00:00	2025-11-27 21:00:00	19.72	19.44	19.72	19.72	1009	65	804	Clouds	mây đen u ám	4.04	355	8.78	10000	1566083	2025-11-26 05:53:46	2025-11-26 17:27:44
2025-11-28 07:00:00	2025-11-28 00:00:00	19.43	19.23	19.43	19.43	1011	69	804	Clouds	mây đen u ám	3.97	356	8.22	10000	1566083	2025-11-26 05:53:46	2025-11-26 17:27:44
2025-11-28 10:00:00	2025-11-28 03:00:00	24.33	24.39	24.33	24.33	1012	60	804	Clouds	mây đen u ám	3.13	2	3.32	10000	1566083	2025-11-26 05:53:46	2025-11-26 17:27:44
2025-11-28 13:00:00	2025-11-28 06:00:00	27.77	29.02	27.77	27.77	1008	59	804	Clouds	mây đen u ám	2.25	339	1.8	10000	1566083	2025-11-26 05:53:46	2025-11-26 17:27:44
2025-11-28 16:00:00	2025-11-28 09:00:00	27.34	28.96	27.34	27.34	1007	65	804	Clouds	mây đen u ám	1.86	302	1.73	10000	1566083	2025-11-26 05:53:46	2025-11-26 17:27:44
2025-11-28 19:00:00	2025-11-28 12:00:00	24.21	24.62	24.21	24.21	1010	74	804	Clouds	mây đen u ám	2.27	279	2.62	10000	1566083	2025-11-26 05:53:46	2025-11-26 17:27:44
2025-11-28 22:00:00	2025-11-28 15:00:00	22.05	22.32	22.05	22.05	1011	77	804	Clouds	mây đen u ám	3.29	321	6.99	10000	1566083	2025-11-26 05:53:46	2025-11-26 17:27:44
2025-11-29 01:00:00	2025-11-28 18:00:00	20.65	20.91	20.65	20.65	1010	82	804	Clouds	mây đen u ám	2.8	313	5.41	10000	1566083	2025-11-26 05:53:46	2025-11-26 17:27:44
2025-11-29 04:00:00	2025-11-28 21:00:00	19.9	20.17	19.9	19.9	1009	85	804	Clouds	mây đen u ám	2.92	337	7.14	10000	1566083	2025-11-26 05:53:46	2025-11-26 17:27:44
2025-11-29 07:00:00	2025-11-29 00:00:00	20.69	20.98	20.69	20.69	1010	83	803	Clouds	mây cụm	2.86	337	5.49	10000	1566083	2025-11-26 05:53:46	2025-11-26 17:27:44
2025-11-29 10:00:00	2025-11-29 03:00:00	25.79	26.12	25.79	25.79	1011	65	804	Clouds	mây đen u ám	2.9	347	3.39	10000	1566083	2025-11-26 05:53:46	2025-11-26 17:27:44
2025-11-29 13:00:00	2025-11-29 06:00:00	29.43	31.12	29.43	29.43	1008	56	804	Clouds	mây đen u ám	1.73	329	1.46	10000	1566083	2025-11-26 05:53:46	2025-11-26 17:27:44
2025-11-29 16:00:00	2025-11-29 09:00:00	29.45	31.31	29.45	29.45	1007	57	804	Clouds	mây đen u ám	1.72	307	1.79	10000	1566083	2025-11-26 05:53:46	2025-11-26 17:27:44
2025-11-29 19:00:00	2025-11-29 12:00:00	25.31	25.83	25.31	25.31	1009	74	804	Clouds	mây đen u ám	1.03	250	1.12	10000	1566083	2025-11-26 05:53:46	2025-11-26 17:27:44
2025-11-29 22:00:00	2025-11-29 15:00:00	23.66	24.14	23.66	23.66	1011	79	803	Clouds	mây cụm	1.19	272	1.3	10000	1566083	2025-11-26 05:53:46	2025-11-26 17:27:44
2025-11-30 01:00:00	2025-11-29 18:00:00	22.63	23.04	22.63	22.63	1010	80	803	Clouds	mây cụm	1.52	293	1.67	10000	1566083	2025-11-26 05:53:46	2025-11-26 17:27:44
2025-11-30 04:00:00	2025-11-29 21:00:00	21.89	22.35	21.89	21.89	1010	85	804	Clouds	mây đen u ám	1.99	318	2.65	10000	1566083	2025-11-26 05:53:46	2025-11-26 17:27:44
2025-11-30 07:00:00	2025-11-30 00:00:00	22.78	23.36	22.78	22.78	1011	86	804	Clouds	mây đen u ám	2.76	340	5.1	10000	1566083	2025-11-26 05:53:46	2025-11-26 17:27:44
2025-11-30 10:00:00	2025-11-30 03:00:00	27.83	29.86	27.83	27.83	1012	66	804	Clouds	mây đen u ám	3.55	337	4.46	10000	1566083	2025-11-26 05:53:46	2025-11-26 17:27:44
2025-11-30 13:00:00	2025-11-30 06:00:00	30.62	33.39	30.62	30.62	1009	57	804	Clouds	mây đen u ám	3.26	340	3.51	10000	1566083	2025-11-26 05:53:46	2025-11-26 17:27:44
2025-11-30 16:00:00	2025-11-30 09:00:00	30.32	33.24	30.32	30.32	1008	59	802	Clouds	mây rải rác	2.82	317	3.24	10000	1566083	2025-11-26 05:53:46	2025-11-26 17:27:44
2025-11-30 19:00:00	2025-11-30 12:00:00	26.39	26.39	26.39	26.39	1010	71	802	Clouds	mây rải rác	2.31	286	3.3	10000	1566083	2025-11-26 05:53:46	2025-11-26 17:27:44
2025-11-30 22:00:00	2025-11-30 15:00:00	24.92	25.4	24.92	24.92	1012	74	803	Clouds	mây cụm	1.76	321	2.18	10000	1566083	2025-11-26 05:53:46	2025-11-26 17:27:44
2025-12-01 01:00:00	2025-11-30 18:00:00	23.93	24.39	23.93	23.93	1011	77	803	Clouds	mây cụm	1.7	340	1.99	10000	1566083	2025-11-26 05:53:46	2025-11-26 17:27:44
2025-12-01 04:00:00	2025-11-30 21:00:00	22.86	23.29	22.86	22.86	1010	80	804	Clouds	mây đen u ám	2.42	5	4.08	10000	1566083	2025-11-26 05:53:46	2025-11-26 17:27:44
2025-12-01 07:00:00	2025-12-01 00:00:00	22.99	23.51	22.99	22.99	1012	83	804	Clouds	mây đen u ám	2.58	350	5.65	10000	1566083	2025-11-26 05:53:46	2025-11-26 17:27:44
2025-12-01 10:00:00	2025-12-01 03:00:00	28.21	30.01	28.21	28.21	1012	62	804	Clouds	mây đen u ám	3.84	342	5.46	10000	1566083	2025-11-26 05:53:46	2025-11-26 17:27:44
2025-11-26 13:00:00	2025-11-26 06:00:00	23.9	24.41	22.61	23.9	1014	79	500	Rain	mưa nhẹ	7.06	360	13.32	10000	1587871	2025-11-26 05:49:46	2025-11-26 17:12:26
2025-11-26 16:00:00	2025-11-26 09:00:00	23.64	24.12	23.19	23.64	1014	79	500	Rain	mưa nhẹ	7.61	358	13.32	10000	1587871	2025-11-26 05:49:46	2025-11-26 17:12:26
2025-11-26 19:00:00	2025-11-26 12:00:00	22.25	22.65	22.25	22.25	1015	81	500	Rain	mưa nhẹ	6.22	349	13.01	10000	1587871	2025-11-26 05:49:46	2025-11-26 17:12:26
2025-11-26 22:00:00	2025-11-26 15:00:00	21.36	21.85	21.36	21.36	1016	88	500	Rain	mưa nhẹ	4.91	347	9.78	10000	1587871	2025-11-26 05:49:46	2025-11-26 17:12:26
2025-11-27 01:00:00	2025-11-26 18:00:00	21.47	22.02	21.47	21.47	1014	90	500	Rain	mưa nhẹ	6.31	354	12.47	10000	1587871	2025-11-26 05:49:46	2025-11-26 17:12:26
2025-11-27 04:00:00	2025-11-26 21:00:00	19.91	20.38	19.91	19.91	1013	93	500	Rain	mưa nhẹ	5.89	344	13.97	10000	1587871	2025-11-26 05:49:46	2025-11-26 17:12:26
2025-11-27 07:00:00	2025-11-27 00:00:00	20.62	20.98	20.62	20.62	1015	86	500	Rain	mưa nhẹ	7.14	356	16.3	10000	1587871	2025-11-26 05:49:46	2025-11-26 17:12:26
2025-11-27 10:00:00	2025-11-27 03:00:00	20.31	20.54	20.31	20.31	1016	82	500	Rain	mưa nhẹ	8.62	353	17.51	10000	1587871	2025-11-26 05:49:46	2025-11-26 17:12:26
2025-11-27 13:00:00	2025-11-27 06:00:00	21.48	21.59	21.48	21.48	1014	73	500	Rain	mưa nhẹ	9.51	359	16.68	10000	1587871	2025-11-26 05:49:46	2025-11-26 17:12:26
2025-11-27 16:00:00	2025-11-27 09:00:00	21.1	21.12	21.1	21.1	1013	71	804	Clouds	mây đen u ám	9.01	355	17.02	10000	1587871	2025-11-26 05:49:46	2025-11-26 17:12:26
2025-11-27 19:00:00	2025-11-27 12:00:00	20.67	20.52	20.67	20.67	1015	66	804	Clouds	mây đen u ám	7.82	358	16.11	10000	1587871	2025-11-26 05:49:46	2025-11-26 17:12:26
2025-11-27 22:00:00	2025-11-27 15:00:00	20.26	20.12	20.26	20.26	1015	68	804	Clouds	mây đen u ám	7.27	352	14.94	10000	1587871	2025-11-26 05:49:46	2025-11-26 17:12:26
2025-11-28 01:00:00	2025-11-27 18:00:00	20.2	20.03	20.2	20.2	1014	67	804	Clouds	mây đen u ám	7.33	347	15.03	10000	1587871	2025-11-26 05:49:46	2025-11-26 17:12:26
2025-11-28 04:00:00	2025-11-27 21:00:00	19.73	19.46	19.73	19.73	1013	65	804	Clouds	mây đen u ám	7.85	348	15.56	10000	1587871	2025-11-26 05:49:46	2025-11-26 17:12:26
2025-11-28 07:00:00	2025-11-28 00:00:00	19.81	19.62	19.81	19.81	1014	68	804	Clouds	mây đen u ám	7.34	355	15.02	10000	1587871	2025-11-26 05:49:46	2025-11-26 17:12:26
2025-11-28 10:00:00	2025-11-28 03:00:00	20.56	20.63	20.56	20.56	1015	75	804	Clouds	mây đen u ám	7.22	348	14.68	10000	1587871	2025-11-26 05:49:46	2025-11-26 17:12:26
2025-11-28 13:00:00	2025-11-28 06:00:00	23.07	23.16	23.07	23.07	1012	66	804	Clouds	mây đen u ám	7.79	354	12.48	10000	1587871	2025-11-26 05:49:46	2025-11-26 17:12:26
2025-11-28 16:00:00	2025-11-28 09:00:00	20.37	20.5	20.37	20.37	1011	78	804	Clouds	mây đen u ám	5.43	342	9.88	10000	1587871	2025-11-26 05:49:46	2025-11-26 17:12:26
2025-11-28 19:00:00	2025-11-28 12:00:00	19.76	19.8	19.76	19.76	1013	77	804	Clouds	mây đen u ám	4.59	339	6.86	10000	1587871	2025-11-26 05:49:46	2025-11-26 17:12:26
2025-11-28 22:00:00	2025-11-28 15:00:00	19.49	19.51	19.49	19.49	1013	77	804	Clouds	mây đen u ám	3.87	331	5.88	10000	1587871	2025-11-26 05:49:46	2025-11-26 17:12:26
2025-11-29 01:00:00	2025-11-28 18:00:00	19.66	19.69	19.66	19.66	1011	77	804	Clouds	mây đen u ám	3.02	325	4.62	10000	1587871	2025-11-26 05:49:46	2025-11-26 17:12:26
2025-11-29 04:00:00	2025-11-28 21:00:00	19.8	19.87	19.8	19.8	1011	78	804	Clouds	mây đen u ám	2.61	329	4.18	10000	1587871	2025-11-26 05:49:46	2025-11-26 17:12:26
2025-11-29 07:00:00	2025-11-29 00:00:00	20.56	20.76	20.56	20.56	1013	80	804	Clouds	mây đen u ám	2.56	336	3.83	10000	1587871	2025-11-26 05:49:46	2025-11-26 17:12:26
2025-11-29 10:00:00	2025-11-29 03:00:00	24.75	25.08	24.75	24.75	1012	69	804	Clouds	mây đen u ám	3.54	355	8.43	10000	1587871	2025-11-26 05:49:46	2025-11-26 17:12:26
2025-11-29 13:00:00	2025-11-29 06:00:00	26.78	28.35	26.78	26.78	1009	68	804	Clouds	mây đen u ám	4.78	3	8.27	10000	1587871	2025-11-26 05:49:46	2025-11-26 17:12:26
2025-11-29 16:00:00	2025-11-29 09:00:00	25.43	26.09	25.43	25.43	1008	79	804	Clouds	mây đen u ám	3.53	7	6.31	10000	1587871	2025-11-26 05:49:46	2025-11-26 17:12:26
2025-11-29 19:00:00	2025-11-29 12:00:00	22.22	22.8	22.22	22.22	1011	88	804	Clouds	mây đen u ám	3.09	348	4.48	10000	1587871	2025-11-26 05:49:46	2025-11-26 17:12:26
2025-11-29 22:00:00	2025-11-29 15:00:00	21.76	22.32	21.76	21.76	1012	89	804	Clouds	mây đen u ám	2.33	317	3.55	10000	1587871	2025-11-26 05:49:46	2025-11-26 17:12:26
2025-11-30 01:00:00	2025-11-29 18:00:00	22.38	22.89	22.38	22.38	1011	85	804	Clouds	mây đen u ám	1.98	304	2.75	10000	1587871	2025-11-26 05:49:46	2025-11-26 17:12:26
2025-11-30 04:00:00	2025-11-29 21:00:00	22.71	23.23	22.71	22.71	1010	84	804	Clouds	mây đen u ám	1.65	318	2.43	10000	1587871	2025-11-26 05:49:46	2025-11-26 17:12:26
2025-11-30 07:00:00	2025-11-30 00:00:00	23.27	23.87	23.27	23.27	1012	85	804	Clouds	mây đen u ám	2.13	326	3.12	10000	1587871	2025-11-26 05:49:46	2025-11-26 17:12:26
2025-11-30 10:00:00	2025-11-30 03:00:00	26.93	28.98	26.93	26.93	1013	73	804	Clouds	mây đen u ám	3.98	4	6.74	10000	1587871	2025-11-26 05:49:46	2025-11-26 17:12:26
2025-11-30 13:00:00	2025-11-30 06:00:00	28.3	31.41	28.3	28.3	1010	71	804	Clouds	mây đen u ám	6.01	12	7.74	10000	1587871	2025-11-26 05:49:46	2025-11-26 17:12:26
2025-11-30 16:00:00	2025-11-30 09:00:00	26.06	26.06	26.06	26.06	1010	83	803	Clouds	mây cụm	5.47	8	9.86	10000	1587871	2025-11-26 05:49:46	2025-11-26 17:12:26
2025-11-30 19:00:00	2025-11-30 12:00:00	23.09	23.83	23.09	23.09	1012	91	804	Clouds	mây đen u ám	4.09	347	6.67	10000	1587871	2025-11-26 05:49:46	2025-11-26 17:12:26
2025-11-30 22:00:00	2025-11-30 15:00:00	22.41	23.11	22.41	22.41	1013	92	804	Clouds	mây đen u ám	2.98	326	4.74	10000	1587871	2025-11-26 05:49:46	2025-11-26 17:12:26
2025-12-01 01:00:00	2025-11-30 18:00:00	22.46	23.22	22.46	22.46	1012	94	500	Rain	mưa nhẹ	2.57	347	4.33	10000	1587871	2025-11-26 05:49:46	2025-11-26 17:12:26
2025-12-01 04:00:00	2025-11-30 21:00:00	22.25	23.04	22.25	22.25	1011	96	500	Rain	mưa nhẹ	2.94	336	5.11	10000	1587871	2025-11-26 05:49:46	2025-11-26 17:12:26
2025-12-01 07:00:00	2025-12-01 00:00:00	22.7	23.51	22.7	22.7	1013	95	500	Rain	mưa nhẹ	3.12	346	5.74	10000	1587871	2025-11-26 05:49:46	2025-11-26 17:12:26
2025-12-01 10:00:00	2025-12-01 03:00:00	24.82	25.55	24.82	24.82	1014	84	500	Rain	mưa nhẹ	5.01	349	10.48	10000	1587871	2025-11-26 05:49:46	2025-11-26 17:12:26
2025-11-26 13:00:00	2025-11-26 06:00:00	28.26	30.48	28.26	28.79	1010	65	802	Clouds	mây rải rác	3.33	343	3.13	10000	1586203	2025-11-26 05:56:11	2025-11-26 17:32:24
2025-11-26 16:00:00	2025-11-26 09:00:00	29.04	32.09	29.04	29.57	1009	66	803	Clouds	mây cụm	3.06	348	3.68	10000	1586203	2025-11-26 05:56:11	2025-11-26 17:32:24
2025-11-26 19:00:00	2025-11-26 12:00:00	26.34	26.34	26.34	26.34	1011	73	803	Clouds	mây cụm	2.1	319	2.34	10000	1586203	2025-11-26 05:56:11	2025-11-26 17:32:24
2025-11-26 22:00:00	2025-11-26 15:00:00	24.4	24.96	24.4	24.4	1012	79	803	Clouds	mây cụm	3.66	352	10.67	10000	1586203	2025-11-26 05:56:11	2025-11-26 17:32:24
2025-11-27 01:00:00	2025-11-26 18:00:00	23.29	23.74	23.29	23.29	1011	79	803	Clouds	mây cụm	3.32	346	9.67	10000	1586203	2025-11-26 05:56:11	2025-11-26 17:32:24
2025-11-27 04:00:00	2025-11-26 21:00:00	21.32	21.52	21.32	21.32	1009	77	804	Clouds	mây đen u ám	4.47	352	11.11	10000	1586203	2025-11-26 05:56:11	2025-11-26 17:32:24
2025-11-27 07:00:00	2025-11-27 00:00:00	21.01	21.23	21.01	21.01	1011	79	804	Clouds	mây đen u ám	5	360	13.47	10000	1586203	2025-11-26 05:56:11	2025-11-26 17:32:24
2025-11-27 10:00:00	2025-11-27 03:00:00	25.98	25.98	25.98	25.98	1011	63	804	Clouds	mây đen u ám	6.78	15	9.52	10000	1586203	2025-11-26 05:56:11	2025-11-26 17:32:24
2025-11-27 13:00:00	2025-11-27 06:00:00	27.37	28.74	27.37	27.37	1009	62	804	Clouds	mây đen u ám	5.99	24	7.01	10000	1586203	2025-11-26 05:56:11	2025-11-26 17:32:24
2025-11-27 16:00:00	2025-11-27 09:00:00	27.15	28.68	27.15	27.15	1008	65	804	Clouds	mây đen u ám	4.43	5	7.42	10000	1586203	2025-11-26 05:56:11	2025-11-26 17:32:24
2025-11-27 19:00:00	2025-11-27 12:00:00	23.31	23.65	23.31	23.31	1011	75	804	Clouds	mây đen u ám	4.65	342	10.86	10000	1586203	2025-11-26 05:56:11	2025-11-26 17:32:24
2025-11-27 22:00:00	2025-11-27 15:00:00	22.44	22.75	22.44	22.44	1011	77	804	Clouds	mây đen u ám	5.05	357	12.05	10000	1586203	2025-11-26 05:56:11	2025-11-26 17:32:24
2025-11-28 01:00:00	2025-11-27 18:00:00	21.11	21.29	21.11	21.11	1010	77	804	Clouds	mây đen u ám	4.22	355	12.1	10000	1586203	2025-11-26 05:56:11	2025-11-26 17:32:24
2025-11-28 04:00:00	2025-11-27 21:00:00	20.1	20.25	20.1	20.1	1010	80	804	Clouds	mây đen u ám	4.32	347	11.6	10000	1586203	2025-11-26 05:56:11	2025-11-26 17:32:24
2025-11-28 07:00:00	2025-11-28 00:00:00	19.6	19.65	19.6	19.6	1011	78	804	Clouds	mây đen u ám	4.57	347	11.25	10000	1586203	2025-11-26 05:56:11	2025-11-26 17:32:24
2025-11-28 10:00:00	2025-11-28 03:00:00	23.11	23.1	23.11	23.11	1012	62	804	Clouds	mây đen u ám	6.25	5	8.38	10000	1586203	2025-11-26 05:56:11	2025-11-26 17:32:24
2025-11-28 13:00:00	2025-11-28 06:00:00	26.58	26.58	26.58	26.58	1009	57	804	Clouds	mây đen u ám	4.34	2	4.63	10000	1586203	2025-11-26 05:56:11	2025-11-26 17:32:24
2025-11-28 16:00:00	2025-11-28 09:00:00	26	26	26	26	1008	63	803	Clouds	mây cụm	4	10	4.56	10000	1586203	2025-11-26 05:56:11	2025-11-26 17:32:24
2025-11-28 19:00:00	2025-11-28 12:00:00	22.56	22.83	22.56	22.56	1010	75	803	Clouds	mây cụm	2.49	2	3.42	10000	1586203	2025-11-26 05:56:11	2025-11-26 17:32:24
2025-11-28 22:00:00	2025-11-28 15:00:00	21.19	21.48	21.19	21.19	1012	81	804	Clouds	mây đen u ám	3.24	329	9.36	10000	1586203	2025-11-26 05:56:11	2025-11-26 17:32:24
2025-11-29 01:00:00	2025-11-28 18:00:00	19.75	19.87	19.75	19.75	1010	80	804	Clouds	mây đen u ám	3.3	338	9.48	10000	1586203	2025-11-26 05:56:11	2025-11-26 17:32:24
2025-11-29 04:00:00	2025-11-28 21:00:00	19.04	19.06	19.04	19.04	1009	79	804	Clouds	mây đen u ám	2.97	347	9.12	10000	1586203	2025-11-26 05:56:11	2025-11-26 17:32:24
2025-11-29 07:00:00	2025-11-29 00:00:00	19.61	19.72	19.61	19.61	1010	80	804	Clouds	mây đen u ám	3.06	336	8.52	10000	1586203	2025-11-26 05:56:11	2025-11-26 17:32:24
2025-11-29 10:00:00	2025-11-29 03:00:00	25.11	25.32	25.11	25.11	1012	63	804	Clouds	mây đen u ám	4.38	360	5.76	10000	1586203	2025-11-26 05:56:11	2025-11-26 17:32:24
2025-11-29 13:00:00	2025-11-29 06:00:00	28.35	29.61	28.35	28.35	1008	57	804	Clouds	mây đen u ám	3.59	354	3.85	10000	1586203	2025-11-26 05:56:11	2025-11-26 17:32:24
2025-11-29 16:00:00	2025-11-29 09:00:00	28.24	29.69	28.24	28.24	1007	59	802	Clouds	mây rải rác	3.22	359	3.52	10000	1586203	2025-11-26 05:56:11	2025-11-26 17:32:24
2025-11-29 19:00:00	2025-11-29 12:00:00	24.22	24.63	24.22	24.22	1010	74	802	Clouds	mây rải rác	1.84	356	1.98	10000	1586203	2025-11-26 05:56:11	2025-11-26 17:32:24
2025-11-29 22:00:00	2025-11-29 15:00:00	23.32	23.72	23.32	23.32	1011	77	804	Clouds	mây đen u ám	1.42	338	1.5	10000	1586203	2025-11-26 05:56:11	2025-11-26 17:32:24
2025-11-30 01:00:00	2025-11-29 18:00:00	22.4	22.78	22.4	22.4	1010	80	804	Clouds	mây đen u ám	2.18	334	2.32	10000	1586203	2025-11-26 05:56:11	2025-11-26 17:32:24
2025-11-30 04:00:00	2025-11-29 21:00:00	21.58	21.93	21.58	21.58	1010	82	804	Clouds	mây đen u ám	2.21	355	2.66	10000	1586203	2025-11-26 05:56:11	2025-11-26 17:32:24
2025-11-30 07:00:00	2025-11-30 00:00:00	22.21	22.6	22.21	22.21	1012	81	803	Clouds	mây cụm	2.35	349	5.45	10000	1586203	2025-11-26 05:56:11	2025-11-26 17:32:24
2025-11-30 10:00:00	2025-11-30 03:00:00	27.51	28.75	27.51	27.51	1012	60	804	Clouds	mây đen u ám	3.5	355	4.28	10000	1586203	2025-11-26 05:56:11	2025-11-26 17:32:24
2025-11-30 13:00:00	2025-11-30 06:00:00	30.27	32.35	30.27	30.27	1010	55	803	Clouds	mây cụm	3.3	358	3.63	10000	1586203	2025-11-26 05:56:11	2025-11-26 17:32:24
2025-11-30 16:00:00	2025-11-30 09:00:00	30.24	32.49	30.24	30.24	1008	56	802	Clouds	mây rải rác	2.31	353	2.86	10000	1586203	2025-11-26 05:56:11	2025-11-26 17:32:24
2025-11-30 19:00:00	2025-11-30 12:00:00	26.09	26.09	26.09	26.09	1010	72	801	Clouds	mây thưa	1.94	19	2.02	10000	1586203	2025-11-26 05:56:11	2025-11-26 17:32:24
2025-11-30 22:00:00	2025-11-30 15:00:00	24.85	25.37	24.85	24.85	1012	76	803	Clouds	mây cụm	1.38	351	1.39	10000	1586203	2025-11-26 05:56:11	2025-11-26 17:32:24
2025-12-01 01:00:00	2025-11-30 18:00:00	23.8	24.32	23.8	23.8	1011	80	803	Clouds	mây cụm	1.51	318	1.63	10000	1586203	2025-11-26 05:56:11	2025-11-26 17:32:24
2025-12-01 04:00:00	2025-11-30 21:00:00	22.78	23.33	22.78	22.78	1010	85	804	Clouds	mây đen u ám	2.13	345	2.52	10000	1586203	2025-11-26 05:56:11	2025-11-26 17:32:24
2025-12-01 07:00:00	2025-12-01 00:00:00	23.23	23.8	23.23	23.23	1012	84	804	Clouds	mây đen u ám	2.29	346	5.79	10000	1586203	2025-11-26 05:56:11	2025-11-26 17:32:24
2025-12-01 10:00:00	2025-12-01 03:00:00	27.81	29.6	27.81	27.81	1012	64	804	Clouds	mây đen u ám	3.69	355	4.94	10000	1586203	2025-11-26 05:56:11	2025-11-26 17:32:24
2025-11-26 13:00:00	2025-11-26 06:00:00	27.81	29.83	27.81	29.03	1010	66	804	Clouds	mây đen u ám	3.09	339	3.07	10000	1562693	2025-11-26 05:55:47	2025-11-26 17:31:20
2025-11-26 16:00:00	2025-11-26 09:00:00	28.91	31.83	28.91	29.76	1009	66	804	Clouds	mây đen u ám	3.1	350	4.06	10000	1562693	2025-11-26 05:55:47	2025-11-26 17:31:20
2025-11-26 19:00:00	2025-11-26 12:00:00	26.28	26.28	26.28	26.28	1011	74	803	Clouds	mây cụm	1.68	292	1.75	10000	1562693	2025-11-26 05:55:47	2025-11-26 17:31:20
2025-11-26 22:00:00	2025-11-26 15:00:00	24.48	25.07	24.48	24.48	1012	80	804	Clouds	mây đen u ám	3.57	350	10.1	10000	1562693	2025-11-26 05:55:47	2025-11-26 17:31:20
2025-11-27 01:00:00	2025-11-26 18:00:00	23.06	23.51	23.06	23.06	1011	80	803	Clouds	mây cụm	3.4	342	10.06	10000	1562693	2025-11-26 05:55:47	2025-11-26 17:31:20
2025-11-27 04:00:00	2025-11-26 21:00:00	20.84	21.04	20.84	20.84	1010	79	804	Clouds	mây đen u ám	4.18	348	10.66	10000	1562693	2025-11-26 05:55:47	2025-11-26 17:31:20
2025-11-27 07:00:00	2025-11-27 00:00:00	20.63	20.81	20.63	20.63	1011	79	804	Clouds	mây đen u ám	4.53	355	13	10000	1562693	2025-11-26 05:55:47	2025-11-26 17:31:20
2025-11-27 10:00:00	2025-11-27 03:00:00	25.38	25.67	25.38	25.38	1011	65	804	Clouds	mây đen u ám	6.38	14	8.56	10000	1562693	2025-11-26 05:55:47	2025-11-26 17:31:20
2025-11-27 13:00:00	2025-11-27 06:00:00	27.69	29.1	27.69	27.69	1009	61	804	Clouds	mây đen u ám	5.45	16	6.53	10000	1562693	2025-11-26 05:55:47	2025-11-26 17:31:20
2025-11-27 16:00:00	2025-11-27 09:00:00	27.3	28.9	27.3	27.3	1008	65	804	Clouds	mây đen u ám	4.37	356	7.51	10000	1562693	2025-11-26 05:55:47	2025-11-26 17:31:20
2025-11-27 19:00:00	2025-11-27 12:00:00	22.99	23.41	22.99	22.99	1011	79	804	Clouds	mây đen u ám	3.33	337	9.64	10000	1562693	2025-11-26 05:55:47	2025-11-26 17:31:20
2025-11-27 22:00:00	2025-11-27 15:00:00	22.13	22.44	22.13	22.13	1011	78	804	Clouds	mây đen u ám	4.74	353	11.58	10000	1562693	2025-11-26 05:55:47	2025-11-26 17:31:20
2025-11-28 01:00:00	2025-11-27 18:00:00	20.82	20.94	20.82	20.82	1010	76	804	Clouds	mây đen u ám	3.85	351	11.92	10000	1562693	2025-11-26 05:55:47	2025-11-26 17:31:20
2025-11-28 04:00:00	2025-11-27 21:00:00	19.58	19.68	19.58	19.58	1010	80	804	Clouds	mây đen u ám	3.68	346	10.94	10000	1562693	2025-11-26 05:55:47	2025-11-26 17:31:20
2025-11-28 07:00:00	2025-11-28 00:00:00	19.13	19.11	19.13	19.13	1011	77	804	Clouds	mây đen u ám	4.19	345	10.75	10000	1562693	2025-11-26 05:55:47	2025-11-26 17:31:20
2025-11-28 10:00:00	2025-11-28 03:00:00	22.87	22.86	22.87	22.87	1012	63	804	Clouds	mây đen u ám	5.55	3	7.6	10000	1562693	2025-11-26 05:55:47	2025-11-26 17:31:20
2025-11-28 13:00:00	2025-11-28 06:00:00	26.71	27.54	26.71	26.71	1009	57	803	Clouds	mây cụm	3.94	357	4.04	10000	1562693	2025-11-26 05:55:47	2025-11-26 17:31:20
2025-11-28 16:00:00	2025-11-28 09:00:00	25.66	25.95	25.66	25.66	1008	64	804	Clouds	mây đen u ám	3.34	6	4.21	10000	1562693	2025-11-26 05:55:47	2025-11-26 17:31:20
2025-11-28 19:00:00	2025-11-28 12:00:00	22.53	22.8	22.53	22.53	1010	75	804	Clouds	mây đen u ám	2.47	348	3.13	10000	1562693	2025-11-26 05:55:47	2025-11-26 17:31:20
2025-11-28 22:00:00	2025-11-28 15:00:00	21.18	21.47	21.18	21.18	1011	81	804	Clouds	mây đen u ám	3.52	325	9.7	10000	1562693	2025-11-26 05:55:47	2025-11-26 17:31:20
2025-11-29 01:00:00	2025-11-28 18:00:00	19.62	19.75	19.62	19.62	1010	81	804	Clouds	mây đen u ám	3.31	332	9.47	10000	1562693	2025-11-26 05:55:47	2025-11-26 17:31:20
2025-11-29 04:00:00	2025-11-28 21:00:00	19.03	19.08	19.03	19.03	1009	80	804	Clouds	mây đen u ám	3.11	344	9.15	10000	1562693	2025-11-26 05:55:47	2025-11-26 17:31:20
2025-11-29 07:00:00	2025-11-29 00:00:00	19.45	19.54	19.45	19.45	1010	80	804	Clouds	mây đen u ám	2.82	327	7.79	10000	1562693	2025-11-26 05:55:47	2025-11-26 17:31:20
2025-11-29 10:00:00	2025-11-29 03:00:00	25.36	25.6	25.36	25.36	1012	63	804	Clouds	mây đen u ám	4.22	356	5.71	10000	1562693	2025-11-26 05:55:47	2025-11-26 17:31:20
2025-11-29 13:00:00	2025-11-29 06:00:00	28.14	29.43	28.14	28.14	1008	58	804	Clouds	mây đen u ám	3.51	350	3.91	10000	1562693	2025-11-26 05:55:47	2025-11-26 17:31:20
2025-11-29 16:00:00	2025-11-29 09:00:00	28.09	29.7	28.09	28.09	1007	61	803	Clouds	mây cụm	3.01	351	3.41	10000	1562693	2025-11-26 05:55:47	2025-11-26 17:31:20
2025-11-29 19:00:00	2025-11-29 12:00:00	24	24.44	24	24	1010	76	803	Clouds	mây cụm	1.79	340	1.8	10000	1562693	2025-11-26 05:55:47	2025-11-26 17:31:20
2025-11-29 22:00:00	2025-11-29 15:00:00	22.99	23.38	22.99	22.99	1011	78	804	Clouds	mây đen u ám	1.23	322	1.21	10000	1562693	2025-11-26 05:55:47	2025-11-26 17:31:20
2025-11-30 01:00:00	2025-11-29 18:00:00	22.1	22.48	22.1	22.1	1010	81	804	Clouds	mây đen u ám	2.12	340	2.2	10000	1562693	2025-11-26 05:55:47	2025-11-26 17:31:20
2025-11-30 04:00:00	2025-11-29 21:00:00	21.29	21.62	21.29	21.29	1010	82	804	Clouds	mây đen u ám	2.36	353	3.16	10000	1562693	2025-11-26 05:55:47	2025-11-26 17:31:20
2025-11-30 07:00:00	2025-11-30 00:00:00	21.94	22.33	21.94	21.94	1012	82	804	Clouds	mây đen u ám	2.48	346	6.2	10000	1562693	2025-11-26 05:55:47	2025-11-26 17:31:20
2025-11-30 10:00:00	2025-11-30 03:00:00	27.45	28.76	27.45	27.45	1012	61	803	Clouds	mây cụm	3.4	352	4.26	10000	1562693	2025-11-26 05:55:47	2025-11-26 17:31:20
2025-11-30 13:00:00	2025-11-30 06:00:00	30.24	32.49	30.24	30.24	1010	56	803	Clouds	mây cụm	3.14	353	3.64	10000	1562693	2025-11-26 05:55:47	2025-11-26 17:31:20
2025-11-30 16:00:00	2025-11-30 09:00:00	30.06	32.55	30.06	30.06	1008	58	802	Clouds	mây rải rác	2.37	344	2.89	10000	1562693	2025-11-26 05:55:47	2025-11-26 17:31:20
2025-11-30 19:00:00	2025-11-30 12:00:00	25.89	26.44	25.89	25.89	1010	73	802	Clouds	mây rải rác	1.93	7	1.99	10000	1562693	2025-11-26 05:55:47	2025-11-26 17:31:20
2025-11-30 22:00:00	2025-11-30 15:00:00	24.61	25.16	24.61	24.61	1012	78	802	Clouds	mây rải rác	1.54	339	1.63	10000	1562693	2025-11-26 05:55:47	2025-11-26 17:31:20
2025-12-01 01:00:00	2025-11-30 18:00:00	23.73	24.25	23.73	23.73	1011	80	803	Clouds	mây cụm	1.89	343	1.89	10000	1562693	2025-11-26 05:55:47	2025-11-26 17:31:20
2025-12-01 04:00:00	2025-11-30 21:00:00	22.56	23.12	22.56	22.56	1010	86	803	Clouds	mây cụm	2.34	350	3.79	10000	1562693	2025-11-26 05:55:47	2025-11-26 17:31:20
2025-12-01 07:00:00	2025-12-01 00:00:00	23.1	23.66	23.1	23.1	1012	84	803	Clouds	mây cụm	2.51	349	6.65	10000	1562693	2025-11-26 05:55:47	2025-11-26 17:31:20
2025-12-01 10:00:00	2025-12-01 03:00:00	27.93	29.91	27.93	27.93	1012	65	804	Clouds	mây đen u ám	3.43	353	4.69	10000	1562693	2025-11-26 05:55:47	2025-11-26 17:31:20
\.


--
-- Name: cities cities_pkey; Type: CONSTRAINT; Schema: public; Owner: postgres
--

ALTER TABLE ONLY public.cities
    ADD CONSTRAINT cities_pkey PRIMARY KEY (city_id);


--
-- Name: current_weather current_weather_city_id_fkey; Type: FK CONSTRAINT; Schema: public; Owner: postgres
--

ALTER TABLE ONLY public.current_weather
    ADD CONSTRAINT current_weather_city_id_fkey FOREIGN KEY (city_id) REFERENCES public.cities(city_id);


--
-- Name: forecast_weather forecast_weather_city_id_fkey; Type: FK CONSTRAINT; Schema: public; Owner: postgres
--

ALTER TABLE ONLY public.forecast_weather
    ADD CONSTRAINT forecast_weather_city_id_fkey FOREIGN KEY (city_id) REFERENCES public.cities(city_id);


--
-- PostgreSQL database dump complete
--

\unrestrict 9PJAUE8GDQF0vivbLvnLQmHFfp4240Hcletq0pNVG094RvMus883RxjcHT6Kpc5

